{"name":"ES_AM_Arena2","tabColor":[0.875,0.9999999999999999,0.8000000000000002,1],"tabTextColor":null,"uiState":{"viewsUIState":[],"bookmark":false,"eventsUIState":[{"viewsUIState":[],"bookmark":false},{"viewsUIState":[],"bookmark":false,"children":[{"viewsUIState":[],"bookmark":false,"children":[]},{"viewsUIState":[],"bookmark":false,"children":[]}]},{"viewsUIState":[],"bookmark":false,"children":[{"viewsUIState":[],"bookmark":false,"children":[]},{"viewsUIState":[],"bookmark":false,"children":[]}]},{"viewsUIState":[],"bookmark":false,"children":[{"viewsUIState":[],"bookmark":false,"children":[]},{"viewsUIState":[],"bookmark":false,"children":[]}]}]}}