{
	"name": "ES_Controls",
	"events": [
		{
			"eventType": "variable",
			"name": "isPaused",
			"type": "boolean",
			"initialValue": "false",
			"comment": "",
			"isStatic": false,
			"isConstant": false,
			"sid": 333485203561551
		},
		{
			"eventType": "block",
			"conditions": [
				{
					"id": "key-is-down",
					"objectClass": "Keyboard",
					"sid": 336808293492607,
					"parameters": {
						"key": 87
					}
				}
			],
			"actions": [
				{
					"id": "simulate-control",
					"objectClass": "Player",
					"sid": 511089513028473,
					"behaviorType": "8Direction",
					"parameters": {
						"control": "up"
					}
				}
			],
			"sid": 770013458991863
		},
		{
			"eventType": "block",
			"conditions": [
				{
					"id": "key-is-down",
					"objectClass": "Keyboard",
					"sid": 623847129675014,
					"parameters": {
						"key": 65
					}
				}
			],
			"actions": [
				{
					"id": "simulate-control",
					"objectClass": "Player",
					"sid": 909462917306472,
					"behaviorType": "8Direction",
					"parameters": {
						"control": "left"
					}
				}
			],
			"sid": 501506433469473
		},
		{
			"eventType": "block",
			"conditions": [
				{
					"id": "key-is-down",
					"objectClass": "Keyboard",
					"sid": 984136407257969,
					"parameters": {
						"key": 83
					}
				}
			],
			"actions": [
				{
					"id": "simulate-control",
					"objectClass": "Player",
					"sid": 464031646679347,
					"behaviorType": "8Direction",
					"parameters": {
						"control": "down"
					}
				}
			],
			"sid": 979860117776179
		},
		{
			"eventType": "block",
			"conditions": [
				{
					"id": "key-is-down",
					"objectClass": "Keyboard",
					"sid": 613090097948565,
					"parameters": {
						"key": 68
					}
				}
			],
			"actions": [
				{
					"id": "simulate-control",
					"objectClass": "Player",
					"sid": 978963238174182,
					"behaviorType": "8Direction",
					"parameters": {
						"control": "right"
					}
				}
			],
			"sid": 386972767845438
		},
		{
			"eventType": "block",
			"conditions": [
				{
					"id": "on-key-pressed",
					"objectClass": "Keyboard",
					"sid": 941381767904388,
					"parameters": {
						"key": 82
					}
				}
			],
			"actions": [
				{
					"id": "go-to-layout",
					"objectClass": "System",
					"sid": 331326041094916,
					"parameters": {
						"layout": "Menu"
					}
				}
			],
			"sid": 906325070512997,
			"children": [
				{
					"eventType": "comment",
					"text": "Pressing R Restarts the game to the Main Menu"
				}
			]
		}
	],
	"sid": 312005651760020
}