{
	"name": "ES_Menu",
	"events": [
		{
			"eventType": "block",
			"conditions": [
				{
					"id": "on-clicked",
					"objectClass": "But_StartGame",
					"sid": 273602011573554
				}
			],
			"actions": [
				{
					"id": "go-to-nextprevious-layout",
					"objectClass": "System",
					"sid": 153288868628763,
					"parameters": {
						"which": "next"
					}
				}
			],
			"sid": 340353346403150
		},
		{
			"eventType": "block",
			"conditions": [
				{
					"id": "on-clicked",
					"objectClass": "But_Credits",
					"sid": 564299738809763
				}
			],
			"actions": [
				{
					"id": "go-to-layout",
					"objectClass": "System",
					"sid": 188713578750491,
					"parameters": {
						"layout": "Credits"
					}
				}
			],
			"sid": 817785890990450
		},
		{
			"eventType": "block",
			"conditions": [
				{
					"id": "on-clicked",
					"objectClass": "But_StartOver",
					"sid": 390859035761401
				}
			],
			"actions": [
				{
					"id": "go-to-layout",
					"objectClass": "System",
					"sid": 929871169310539,
					"parameters": {
						"layout": "Menu"
					}
				}
			],
			"sid": 561847107513438
		},
		{
			"eventType": "block",
			"conditions": [
				{
					"id": "on-clicked",
					"objectClass": "But_Controls",
					"sid": 354150652068296
				}
			],
			"actions": [
				{
					"id": "go-to-layout",
					"objectClass": "System",
					"sid": 629270458272922,
					"parameters": {
						"layout": "Controls"
					}
				}
			],
			"sid": 288327319871123
		},
		{
			"eventType": "block",
			"conditions": [
				{
					"id": "on-start-of-layout",
					"objectClass": "System",
					"sid": 479158676470347
				}
			],
			"actions": [
				{
					"id": "set-cursor-style",
					"objectClass": "Mouse",
					"sid": 671149851247483,
					"parameters": {
						"cursor-style": "normal"
					}
				},
				{
					"id": "move-to-position",
					"objectClass": "UI_BG",
					"sid": 646706592061518,
					"behaviorType": "MoveTo",
					"parameters": {
						"x": "UI_BG.X",
						"y": "-250",
						"mode": "direct"
					}
				}
			],
			"sid": 130721268814402,
			"children": [
				{
					"eventType": "block",
					"conditions": [
						{
							"id": "is-any-playing",
							"objectClass": "Audio",
							"sid": 815840796476200,
							"isInverted": true
						}
					],
					"actions": [
						{
							"id": "play",
							"objectClass": "Audio",
							"sid": 782809342731126,
							"parameters": {
								"audio-file": "Common Battle Music Play at -10 DB",
								"loop": "looping",
								"volume": "-20",
								"tag-optional": "\"Normal\""
							}
						}
					],
					"sid": 429814602964864
				}
			]
		},
		{
			"eventType": "group",
			"disabled": false,
			"title": "Survival Mode Buttons",
			"description": "",
			"isActiveOnStart": true,
			"children": [
				{
					"eventType": "block",
					"conditions": [
						{
							"id": "on-clicked",
							"objectClass": "But_StartSurvival",
							"sid": 354825019978832
						}
					],
					"actions": [
						{
							"id": "go-to-layout",
							"objectClass": "System",
							"sid": 416246422703329,
							"parameters": {
								"layout": "Menu_Survival"
							}
						}
					],
					"sid": 276515803963461
				}
			],
			"sid": 245278614187978
		},
		{
			"eventType": "group",
			"disabled": false,
			"title": "Adventure Mode Buttons",
			"description": "",
			"isActiveOnStart": true,
			"children": [
				{
					"eventType": "block",
					"conditions": [
						{
							"id": "on-clicked",
							"objectClass": "But_StartAdventureMode",
							"sid": 615788339171986
						}
					],
					"actions": [
						{
							"id": "go-to-layout",
							"objectClass": "System",
							"sid": 658920348182419,
							"parameters": {
								"layout": "Lobby_Arena_1"
							}
						}
					],
					"sid": 295929204447198
				}
			],
			"sid": 129668619889509
		},
		{
			"eventType": "block",
			"conditions": [
				{
					"id": "on-start-of-layout",
					"objectClass": "System",
					"sid": 533338561906228
				}
			],
			"actions": [
				{
					"id": "set-time-scale",
					"objectClass": "System",
					"sid": 478526554780292,
					"parameters": {
						"time-scale": "1.0"
					}
				},
				{
					"id": "set-eventvar-value",
					"objectClass": "System",
					"sid": 817138178915521,
					"parameters": {
						"variable": "EnemyCount",
						"value": "0"
					}
				}
			],
			"sid": 402069398015959
		},
		{
			"eventType": "block",
			"conditions": [
				{
					"id": "on-arrived",
					"objectClass": "UI_BG",
					"sid": 926598293651365,
					"behaviorType": "MoveTo"
				}
			],
			"actions": [
				{
					"id": "set-position",
					"objectClass": "UI_BG",
					"sid": 185926373595433,
					"parameters": {
						"x": "427",
						"y": "705"
					}
				},
				{
					"id": "move-to-position",
					"objectClass": "UI_BG",
					"sid": 404845645321917,
					"behaviorType": "MoveTo",
					"parameters": {
						"x": "UI_BG.X",
						"y": "-250",
						"mode": "direct"
					}
				}
			],
			"sid": 416058232044958
		}
	],
	"sid": 326467844477213
}