{"propertiesBar":{"properties":[{"name":"About","expanded":true,"children":[]},{"name":"Colors","expanded":true,"children":[]},{"name":"Startup","expanded":true,"children":[]},{"name":"Display","expanded":true,"children":[{"name":"Viewport size","expanded":false,"children":[]}]},{"name":"Advanced","expanded":false,"children":[]},{"name":"Editor","expanded":true,"children":[]}],"scrollPosition":0},"openTabs":{"active":{"name":"Arena_Festival","type":"layout"},"open":[{"name":"Menu_Festival","type":"layout"},{"name":"Menu_ES","type":"eventSheet"},{"name":"Arena_Festival","type":"layout"},{"name":"Festival_ES","type":"eventSheet"},{"name":"Combat_ES","type":"eventSheet"},{"name":"Controls_ES","type":"eventSheet"}]},"previewEffects":true,"previewBrowser":"default","pauseOnUnfocus":false,"projectBar":{"name":"<root>","children":[{"name":"Midterm_GroupA","expanded":true,"children":[{"name":"Layouts","expanded":true,"children":[{"name":"Prototypes","expanded":false,"children":[{"name":"Prototype_LevelOne","expanded":true,"children":[]}]},{"name":"Festival Build","expanded":true,"children":[{"name":"Menu_Festival","expanded":true,"children":[]},{"name":"Controls_Festival","expanded":true,"children":[]},{"name":"Lobby_Festival","expanded":true,"children":[]},{"name":"Arena_Festival","expanded":true,"children":[]}]},{"name":"Menu","expanded":true,"children":[]},{"name":"Controls","expanded":true,"children":[]},{"name":"Story_1_1","expanded":true,"children":[]},{"name":"Lobby_1_1","expanded":true,"children":[]},{"name":"Arena_1_1","expanded":true,"children":[]},{"name":"Story_1_2","expanded":true,"children":[]},{"name":"Lobby_1_2","expanded":true,"children":[]},{"name":"Arena_1_2","expanded":true,"children":[]},{"name":"Story_1_3","expanded":true,"children":[]},{"name":"Lobby_1_3","expanded":true,"children":[]},{"name":"Arena_1_3","expanded":true,"children":[]},{"name":"Story_1_4","expanded":true,"children":[]},{"name":"Lobby_1_4","expanded":true,"children":[]},{"name":"Arena_1_4","expanded":true,"children":[]},{"name":"Story_1_5","expanded":true,"children":[]},{"name":"Story_2_1","expanded":true,"children":[]},{"name":"Lobby_2_1","expanded":true,"children":[]},{"name":"Arena_2_1","expanded":true,"children":[]},{"name":"Story_2_2","expanded":true,"children":[]},{"name":"Lobby_2_2","expanded":true,"children":[]},{"name":"Arena_2_2","expanded":true,"children":[]},{"name":"Story_2_3","expanded":true,"children":[]},{"name":"Lobby_2_3","expanded":true,"children":[]},{"name":"Arena_2_3","expanded":true,"children":[]},{"name":"Story_2_4","expanded":true,"children":[]},{"name":"Lobby_2_4","expanded":true,"children":[]},{"name":"Arena_2_4","expanded":true,"children":[]},{"name":"Story_2_5","expanded":true,"children":[]},{"name":"Story_3_1","expanded":true,"children":[]},{"name":"EndScreen","expanded":true,"children":[]},{"name":"Credits","expanded":true,"children":[]}]},{"name":"Event sheets","expanded":true,"children":[{"name":"Combat_ES","expanded":true,"children":[]},{"name":"Controls_ES","expanded":true,"children":[]},{"name":"Festival_ES","expanded":true,"children":[]},{"name":"Lobby_ES","expanded":true,"children":[]},{"name":"Menu_ES","expanded":true,"children":[]}]},{"name":"Scripts","expanded":true,"children":[]},{"name":"Object types","expanded":true,"children":[{"name":"Abilities","expanded":false,"children":[{"name":"ArrowPaths","expanded":true,"children":[]},{"name":"DashPaths","expanded":true,"children":[]}]},{"name":"Buttons","expanded":false,"children":[{"name":"But_Credits","expanded":true,"children":[]},{"name":"But_EnterLevel","expanded":true,"children":[]},{"name":"But_Festival_StartOver","expanded":true,"children":[]},{"name":"But_StartGame","expanded":true,"children":[]},{"name":"But_StartOver","expanded":true,"children":[]}]},{"name":"Cards","expanded":false,"children":[{"name":"Ability","expanded":false,"children":[{"name":"Tooltips","expanded":false,"children":[{"name":"Tooltip_Background_ChargedShot","expanded":true,"children":[]},{"name":"Tooltip_Background_Dash","expanded":true,"children":[]},{"name":"Tooltip_Background_Multishot","expanded":true,"children":[]},{"name":"Tooltip_Background_PierceShot","expanded":true,"children":[]},{"name":"Tutorial_SpriteFont_ChargedShot","expanded":true,"children":[]},{"name":"Tutorial_SpriteFont_Dash","expanded":true,"children":[]},{"name":"Tutorial_SpriteFont_Multishot","expanded":true,"children":[]},{"name":"Tutorial_SpriteFont_PierceShot","expanded":true,"children":[]}]},{"name":"AbilityCards","expanded":true,"children":[]},{"name":"AbilityDock","expanded":true,"children":[]}]},{"name":"Element","expanded":false,"children":[{"name":"Tooltips","expanded":false,"children":[{"name":"Tooltip_Background_Electricity","expanded":true,"children":[]},{"name":"Tooltip_Background_Fire","expanded":true,"children":[]},{"name":"Tooltip_Background_Ice","expanded":true,"children":[]},{"name":"Tutorial_SpriteFont_Electricity","expanded":true,"children":[]},{"name":"Tutorial_SpriteFont_fire","expanded":true,"children":[]},{"name":"Tutorial_SpriteFont_Ice","expanded":true,"children":[]}]},{"name":"ElementCards","expanded":true,"children":[]},{"name":"ElementDock","expanded":true,"children":[]}]}]},{"name":"Enemies","expanded":false,"children":[{"name":"Bosses","expanded":false,"children":[{"name":"OrcBoss","expanded":false,"children":[{"name":"AcidArea","expanded":true,"children":[]},{"name":"AcidFlask","expanded":true,"children":[]},{"name":"OrcBoss","expanded":true,"children":[]},{"name":"OrcBossHealthText","expanded":true,"children":[]},{"name":"TravelWaypoints","expanded":true,"children":[]}]},{"name":"RobBoss","expanded":false,"children":[{"name":"Bob","expanded":true,"children":[]},{"name":"BobHealthText","expanded":true,"children":[]},{"name":"Bobmelee","expanded":true,"children":[]}]}]},{"name":"Minor Enemies","expanded":false,"children":[{"name":"Melee_Enemy_Minor","expanded":true,"children":[]},{"name":"Ranged_Enemy_Minor","expanded":true,"children":[]}]}]},{"name":"Inputs","expanded":false,"children":[{"name":"Keyboard","expanded":true,"children":[]},{"name":"Mouse","expanded":true,"children":[]}]},{"name":"LevelDesign","expanded":false,"children":[{"name":"Level 1","expanded":false,"children":[{"name":"Arena1_Decor1","expanded":true,"children":[]},{"name":"Arena1_Decor2","expanded":true,"children":[]},{"name":"Arena1_Fill","expanded":true,"children":[]},{"name":"Arena1_FillConnector","expanded":true,"children":[]},{"name":"Arena1_FillConnector2","expanded":true,"children":[]},{"name":"Arena1_FillLeft","expanded":true,"children":[]},{"name":"Arena1_FillRight","expanded":true,"children":[]},{"name":"Arena1_Fountain","expanded":true,"children":[]},{"name":"Arena1_Gate","expanded":true,"children":[]},{"name":"Arena1_GateOpen","expanded":true,"children":[]},{"name":"Arena1_Pedastal","expanded":true,"children":[]},{"name":"Arena1_Pillar","expanded":true,"children":[]},{"name":"Arena1_SeatsConnector","expanded":true,"children":[]},{"name":"Arena1_SeatsConnector2","expanded":true,"children":[]},{"name":"Arena1_SeatsMiddle","expanded":true,"children":[]},{"name":"Arena1_Torch","expanded":true,"children":[]},{"name":"Arena1_WallBar","expanded":true,"children":[]},{"name":"Arena1_WallLeft","expanded":true,"children":[]},{"name":"Arena1_WallMiddle","expanded":true,"children":[]},{"name":"Arena1_WallRight","expanded":true,"children":[]},{"name":"Banner","expanded":true,"children":[]}]},{"name":"Level 2","expanded":false,"children":[{"name":"Acid","expanded":true,"children":[]},{"name":"Banner2","expanded":true,"children":[]},{"name":"Level2_Border","expanded":true,"children":[]},{"name":"Level2_Connector","expanded":true,"children":[]},{"name":"Level2_Connector2","expanded":true,"children":[]},{"name":"Level2_Decor","expanded":true,"children":[]},{"name":"Level2_Decor2","expanded":true,"children":[]},{"name":"Level2_Decor3","expanded":true,"children":[]},{"name":"Level2_Fill","expanded":true,"children":[]},{"name":"Level2_Gate","expanded":true,"children":[]},{"name":"Level2_LeftFill","expanded":true,"children":[]},{"name":"Level2_Pedastal","expanded":true,"children":[]},{"name":"Level2_SeatsConnector","expanded":true,"children":[]},{"name":"Level2_SeatsMiddle","expanded":true,"children":[]},{"name":"Level2_Wall","expanded":true,"children":[]},{"name":"Pillaer","expanded":true,"children":[]},{"name":"Pipe","expanded":true,"children":[]}]},{"name":"Level_Fill","expanded":true,"children":[]}]},{"name":"Particles","expanded":false,"children":[{"name":"Acid_Particle","expanded":true,"children":[]},{"name":"Acid_Particle2","expanded":true,"children":[]},{"name":"Arrow_Hit_Fire","expanded":true,"children":[]},{"name":"Arrow_Hit_Fire2","expanded":true,"children":[]},{"name":"Arrow_Hit_Wall","expanded":true,"children":[]},{"name":"Blood","expanded":true,"children":[]},{"name":"Blood2","expanded":true,"children":[]},{"name":"Blood3","expanded":true,"children":[]},{"name":"Enemy_Defeat","expanded":true,"children":[]}]},{"name":"Pickups","expanded":false,"children":[{"name":"HealthPickups","expanded":true,"children":[]}]},{"name":"Projectiles","expanded":false,"children":[{"name":"Arrow","expanded":true,"children":[]},{"name":"EnemyArrows","expanded":true,"children":[]}]},{"name":"Text","expanded":false,"children":[{"name":"Tutorial_Txt","expanded":true,"children":[]}]},{"name":"UI","expanded":false,"children":[{"name":"Dmg_Text","expanded":true,"children":[]},{"name":"Dmg_Text_BG","expanded":true,"children":[]},{"name":"Health_Text","expanded":true,"children":[]},{"name":"Health_TextShadow","expanded":true,"children":[]},{"name":"HP_BlackBG","expanded":true,"children":[]},{"name":"HP_Green","expanded":true,"children":[]},{"name":"HP_UI","expanded":true,"children":[]}]},{"name":"Walls & Barriers","expanded":false,"children":[{"name":"Border","expanded":true,"children":[]},{"name":"Doors","expanded":true,"children":[]}]},{"name":"ArrowLauncher","expanded":true,"children":[]},{"name":"Audio","expanded":true,"children":[]},{"name":"BossSpawnPoint","expanded":true,"children":[]},{"name":"Dialog_Text","expanded":true,"children":[]},{"name":"DialogButtonNext","expanded":true,"children":[]},{"name":"DoorBlock","expanded":true,"children":[]},{"name":"DoorCloser","expanded":true,"children":[]},{"name":"DoorWalls","expanded":true,"children":[]},{"name":"EnemySpawnPoint","expanded":true,"children":[]},{"name":"Festival_LoseButton","expanded":true,"children":[]},{"name":"Guide","expanded":true,"children":[]},{"name":"HealthPickUpSpawner","expanded":true,"children":[]},{"name":"LoseButton","expanded":true,"children":[]},{"name":"LoseText","expanded":true,"children":[]},{"name":"MenuBackgrounds","expanded":true,"children":[]},{"name":"NextSceneZone","expanded":true,"children":[]},{"name":"Player","expanded":true,"children":[]},{"name":"ScoreText","expanded":true,"children":[]},{"name":"Sprite2","expanded":true,"children":[]},{"name":"SpriteFont","expanded":true,"children":[]},{"name":"TimeText","expanded":true,"children":[]},{"name":"Vignette","expanded":true,"children":[]},{"name":"Wall_Bar","expanded":true,"children":[]},{"name":"WarningNoCards","expanded":true,"children":[]},{"name":"WinBackground","expanded":true,"children":[]},{"name":"WinButton","expanded":true,"children":[]},{"name":"WinText","expanded":true,"children":[]},{"name":"ZapRadius","expanded":true,"children":[]}]},{"name":"Families","expanded":true,"children":[{"name":"CardDocks","expanded":false,"children":[{"name":"AbilityDock","expanded":true,"children":[]},{"name":"ElementDock","expanded":true,"children":[]}]},{"name":"Cards","expanded":false,"children":[{"name":"AbilityCards","expanded":true,"children":[]},{"name":"ElementCards","expanded":true,"children":[]}]},{"name":"Enemies","expanded":false,"children":[{"name":"Bob","expanded":true,"children":[]},{"name":"Melee_Enemy_Minor","expanded":true,"children":[]},{"name":"OrcBoss","expanded":true,"children":[]},{"name":"Ranged_Enemy_Minor","expanded":true,"children":[]}]},{"name":"TiledWalls","expanded":false,"children":[{"name":"Doors","expanded":true,"children":[]}]},{"name":"Walls","expanded":false,"children":[{"name":"Arena1_Pedastal","expanded":true,"children":[]},{"name":"Arena1_SeatsConnector","expanded":true,"children":[]},{"name":"Arena1_SeatsConnector2","expanded":true,"children":[]},{"name":"Arena1_SeatsMiddle","expanded":true,"children":[]},{"name":"Arena1_WallBar","expanded":true,"children":[]},{"name":"Arena1_WallLeft","expanded":true,"children":[]},{"name":"Arena1_WallMiddle","expanded":true,"children":[]},{"name":"Arena1_WallRight","expanded":true,"children":[]},{"name":"Border","expanded":true,"children":[]},{"name":"DoorWalls","expanded":true,"children":[]},{"name":"Level2_Border","expanded":true,"children":[]},{"name":"Level2_Connector","expanded":true,"children":[]},{"name":"Level2_SeatsConnector","expanded":true,"children":[]},{"name":"Level2_SeatsMiddle","expanded":true,"children":[]},{"name":"Level2_Wall","expanded":true,"children":[]},{"name":"Wall_Bar","expanded":true,"children":[]}]}]},{"name":"Timelines","expanded":true,"children":[{"name":"Eases","expanded":false,"children":[]},{"name":"Timeline 1","expanded":true,"children":[]}]},{"name":"Sounds","expanded":true,"children":[{"name":"Arrow Shooting Sound Play at -5 DB.webm","expanded":true,"children":[]},{"name":"Boss 1 Evil Laugh Play at -5 DB.webm","expanded":true,"children":[]},{"name":"Boss 2 Evil Laugh Play at - 5 DB.webm","expanded":true,"children":[]},{"name":"Flask Explosion Play at -5 DB.webm","expanded":true,"children":[]},{"name":"Player Hurt Play at -5 DB.webm","expanded":true,"children":[]},{"name":"Skeleton_enemy_Defeated.webm","expanded":true,"children":[]}]},{"name":"Music","expanded":true,"children":[{"name":"1st Boss Fight Play at -4 DB.webm","expanded":true,"children":[]},{"name":"2nd Boss Fight Play at -4 DB.webm","expanded":true,"children":[]},{"name":"Common Battle Music Play at -10 DB.webm","expanded":true,"children":[]}]},{"name":"Videos","expanded":true,"children":[]},{"name":"Fonts","expanded":true,"children":[{"name":"Pixel_Font.ttf","expanded":true,"children":[]}]},{"name":"Icons","expanded":false,"children":[{"name":"icon-128.png","expanded":true,"children":[]},{"name":"icon-16.png","expanded":true,"children":[]},{"name":"icon-256.png","expanded":true,"children":[]},{"name":"icon-32.png","expanded":true,"children":[]},{"name":"icon-512.png","expanded":true,"children":[]},{"name":"icon-64.png","expanded":true,"children":[]},{"name":"loading-logo.png","expanded":true,"children":[]}]},{"name":"Files","expanded":true,"children":[]}]}]},"propertiesBarActiveObject":{"name":"instances","type":"array"}}