{
	"name": "AbilityCards",
	"plugin-id": "Sprite",
	"sid": 736850135937085,
	"isGlobal": false,
	"instanceVariables": [],
	"behaviorTypes": [],
	"effectTypes": [],
	"animations": {
		"items": [
			{
				"frames": [
					{
						"width": 752,
						"height": 858,
						"originX": 0.5,
						"originY": 0.5,
						"originalSource": "",
						"exportFormat": "png",
						"exportQuality": 0.8,
						"imageSpriteId": 2544278,
						"collisionPoly": {
							"points": [
								0.029411764705882353,
								0.02,
								0.9705882352941176,
								0.02,
								0.9705882352941176,
								0.98,
								0.029411764705882353,
								0.98
							]
						},
						"useCollisionPoly": true,
						"duration": 1
					}
				],
				"sid": 602255682149427,
				"name": "Multishot",
				"isLooping": false,
				"isPingPong": false,
				"repeatCount": 1,
				"repeatTo": 0,
				"speed": 5
			},
			{
				"frames": [
					{
						"width": 752,
						"height": 858,
						"originX": 0.5,
						"originY": 0.5,
						"originalSource": "",
						"exportFormat": "png",
						"exportQuality": 0.8,
						"imageSpriteId": 2486337,
						"collisionPoly": {
							"points": [
								0.029411764705882353,
								0.02,
								0.9705882352941176,
								0.02,
								0.9705882352941176,
								0.98,
								0.029411764705882353,
								0.98
							]
						},
						"useCollisionPoly": true,
						"duration": 1
					}
				],
				"sid": 338309440612711,
				"name": "Piercing Shot",
				"isLooping": false,
				"isPingPong": false,
				"repeatCount": 1,
				"repeatTo": 0,
				"speed": 5
			},
			{
				"frames": [
					{
						"width": 752,
						"height": 858,
						"originX": 0.5,
						"originY": 0.5,
						"originalSource": "",
						"exportFormat": "png",
						"exportQuality": 0.8,
						"imageSpriteId": 1716723,
						"collisionPoly": {
							"points": [
								0.029411764705882353,
								0.02,
								0.9705882352941176,
								0.02,
								0.9705882352941176,
								0.98,
								0.029411764705882353,
								0.98
							]
						},
						"useCollisionPoly": true,
						"duration": 1
					}
				],
				"sid": 557208303533331,
				"name": "Charged Shot",
				"isLooping": false,
				"isPingPong": false,
				"repeatCount": 1,
				"repeatTo": 0,
				"speed": 5
			},
			{
				"frames": [
					{
						"width": 752,
						"height": 858,
						"originX": 0.5,
						"originY": 0.5,
						"originalSource": "",
						"exportFormat": "png",
						"exportQuality": 0.8,
						"imageSpriteId": 6869838,
						"collisionPoly": {
							"points": [
								0.029411764705882353,
								0.02,
								0.9705882352941176,
								0.02,
								0.9705882352941176,
								0.98,
								0.029411764705882353,
								0.98
							]
						},
						"useCollisionPoly": true,
						"duration": 1
					}
				],
				"sid": 631690163089649,
				"name": "Dash",
				"isLooping": false,
				"isPingPong": false,
				"repeatCount": 1,
				"repeatTo": 0,
				"speed": 5
			}
		],
		"subfolders": []
	}
}