{
	"name": "Arena1_Torch",
	"plugin-id": "Sprite",
	"sid": 764661435844718,
	"isGlobal": false,
	"instanceVariables": [],
	"behaviorTypes": [],
	"effectTypes": [],
	"animations": {
		"items": [
			{
				"frames": [
					{
						"width": 6,
						"height": 15,
						"originX": 0.5,
						"originY": 0.5,
						"originalSource": "",
						"exportFormat": "png",
						"exportQuality": 0.8,
						"imageSpriteId": 4797399,
						"collisionPoly": {
							"points": [
								0.3333333333333333,
								0.13333333333333333,
								0.5,
								0,
								0.6666666666666666,
								0.06666666666666667,
								0.8333333333333334,
								0.5,
								0.6666666666666666,
								0.8666666666666667,
								0.5,
								0.9333333333333333,
								0.16666666666666666,
								0.8666666666666667,
								0,
								0.5
							]
						},
						"useCollisionPoly": true,
						"duration": 1
					},
					{
						"width": 6,
						"height": 15,
						"originX": 0.5,
						"originY": 0.5,
						"originalSource": "",
						"exportFormat": "png",
						"exportQuality": 0.8,
						"imageSpriteId": 6768588,
						"collisionPoly": {
							"points": [
								0.16666666666666666,
								0.06666666666666667,
								0.5,
								0.06666666666666667,
								0.6666666666666666,
								0.06666666666666667,
								0.8333333333333334,
								0.5,
								0.6666666666666666,
								0.8666666666666667,
								0.5,
								0.9333333333333333,
								0.16666666666666666,
								0.8666666666666667,
								0,
								0.5
							]
						},
						"useCollisionPoly": true,
						"duration": 1
					}
				],
				"sid": 843798779075964,
				"name": "Torch-On",
				"isLooping": true,
				"isPingPong": false,
				"repeatCount": 1,
				"repeatTo": 0,
				"speed": 8
			}
		],
		"subfolders": []
	}
}