{
	"name": "Arena1_Pillar",
	"plugin-id": "Sprite",
	"sid": 950269271798024,
	"isGlobal": false,
	"instanceVariables": [],
	"behaviorTypes": [
		{
			"behaviorId": "solid",
			"name": "Solid",
			"sid": 392611037505928
		}
	],
	"effectTypes": [],
	"animations": {
		"items": [
			{
				"frames": [
					{
						"width": 16,
						"height": 21,
						"originX": 0.5,
						"originY": 0.5,
						"originalSource": "",
						"exportFormat": "png",
						"exportQuality": 0.8,
						"imageSpriteId": 480625,
						"collisionPoly": {
							"points": [
								0.125,
								0.09523809523809523,
								0.2497539688434575,
								0,
								0.6186023088606194,
								0,
								0.7372046177212388,
								0,
								0.8101009340806093,
								0.047103486067811555,
								0.8719241997405037,
								0.09683166277040828,
								0.9291338866609461,
								0.3768279400702257,
								1,
								0.4378515451471924,
								1,
								0.8430820559565882,
								0.8467643843882302,
								0.9730033390518682,
								0.812377168257468,
								0.9983126594515401,
								0.502214756119646,
								1,
								0.19266723803744093,
								1,
								0,
								0.8523621524719359,
								0,
								0.4375702997608829,
								0.05142719260010888,
								0.3895763037720415
							]
						},
						"useCollisionPoly": true,
						"duration": 1
					}
				],
				"sid": 990539596780844,
				"name": "Animation 1",
				"isLooping": false,
				"isPingPong": false,
				"repeatCount": 1,
				"repeatTo": 0,
				"speed": 5
			}
		],
		"subfolders": []
	}
}