{
	"name": "Arena1_GateOpen",
	"plugin-id": "Sprite",
	"sid": 591908970222382,
	"isGlobal": false,
	"instanceVariables": [],
	"behaviorTypes": [
		{
			"behaviorId": "solid",
			"name": "Solid",
			"sid": 437260781882855
		}
	],
	"effectTypes": [],
	"animations": {
		"items": [
			{
				"frames": [
					{
						"width": 64,
						"height": 32,
						"originX": 0.5,
						"originY": 0.5,
						"originalSource": "",
						"exportFormat": "png",
						"exportQuality": 0.8,
						"imageSpriteId": 4682093,
						"collisionPoly": {
							"points": [
								0.1875,
								0.375,
								0.5,
								0,
								0.796875,
								0.375,
								1,
								0.3737244742592395,
								1,
								1,
								0.6796609840027008,
								1,
								0.680750403194785,
								0.37425596373421843,
								0.49542937781814245,
								0.2038690476190482,
								0.32063137828226984,
								0.37425596373421854,
								0.32028592723637295,
								1,
								0,
								1,
								0,
								0.37181115059489117
							]
						},
						"useCollisionPoly": true,
						"duration": 1
					}
				],
				"sid": 217627626095582,
				"name": "Animation 1",
				"isLooping": false,
				"isPingPong": false,
				"repeatCount": 1,
				"repeatTo": 0,
				"speed": 5
			}
		],
		"subfolders": []
	}
}