{
	"name": "Arena1_Pedastal",
	"plugin-id": "Sprite",
	"sid": 115098984769479,
	"isGlobal": false,
	"instanceVariables": [],
	"behaviorTypes": [
		{
			"behaviorId": "solid",
			"name": "Solid",
			"sid": 336330059777760
		}
	],
	"effectTypes": [],
	"animations": {
		"items": [
			{
				"frames": [
					{
						"width": 48,
						"height": 32,
						"originX": 0.5,
						"originY": 0.5,
						"originalSource": "",
						"exportFormat": "png",
						"exportQuality": 0.8,
						"imageSpriteId": 4279082,
						"collisionPoly": {
							"points": [
								0,
								0,
								0.5,
								0,
								0.9791666666666666,
								0,
								0.9791666666666666,
								0.5,
								0.9791666666666666,
								0.96875,
								0.5,
								0.96875,
								0,
								0.96875,
								0,
								0.5
							]
						},
						"useCollisionPoly": true,
						"duration": 1
					}
				],
				"sid": 356590618103974,
				"name": "Animation 1",
				"isLooping": false,
				"isPingPong": false,
				"repeatCount": 1,
				"repeatTo": 0,
				"speed": 5
			}
		],
		"subfolders": []
	}
}