{
	"name": "Arena1_WallRight",
	"plugin-id": "Sprite",
	"sid": 590276606816802,
	"isGlobal": false,
	"instanceVariables": [],
	"behaviorTypes": [
		{
			"behaviorId": "solid",
			"name": "Solid",
			"sid": 960968312559546
		}
	],
	"effectTypes": [],
	"animations": {
		"items": [
			{
				"frames": [
					{
						"width": 16,
						"height": 16,
						"originX": 0.5,
						"originY": 0.5,
						"originalSource": "",
						"exportFormat": "png",
						"exportQuality": 0.8,
						"imageSpriteId": 8136394,
						"collisionPoly": {
							"points": [
								0,
								0,
								0.5,
								0,
								1,
								0,
								1,
								0.5067567308511591,
								1,
								1,
								0.5033784814129942,
								1,
								0,
								1,
								0,
								0.5
							]
						},
						"useCollisionPoly": true,
						"duration": 1
					}
				],
				"sid": 793858741624161,
				"name": "Animation 1",
				"isLooping": false,
				"isPingPong": false,
				"repeatCount": 1,
				"repeatTo": 0,
				"speed": 5
			}
		],
		"subfolders": []
	}
}