{
	"name": "Arena1_Decor2",
	"plugin-id": "Sprite",
	"sid": 385389468698437,
	"isGlobal": false,
	"instanceVariables": [],
	"behaviorTypes": [],
	"effectTypes": [],
	"animations": {
		"items": [
			{
				"frames": [
					{
						"width": 21,
						"height": 16,
						"originX": 0.5,
						"originY": 0.5,
						"originalSource": "",
						"exportFormat": "png",
						"exportQuality": 0.8,
						"imageSpriteId": 7123122,
						"collisionPoly": {
							"points": [
								0.7142857142857143,
								0.5,
								0.9047619047619048,
								0.8125,
								0.5,
								0.9375,
								0.1428571428571429,
								0.8125,
								0.23809523809523814,
								0.5,
								0.19047619047619047,
								0.1875,
								0.5,
								0,
								0.8571428571428572,
								0.1875
							]
						},
						"useCollisionPoly": true,
						"duration": 1
					}
				],
				"sid": 577609826958750,
				"name": "Animation 1",
				"isLooping": false,
				"isPingPong": false,
				"repeatCount": 1,
				"repeatTo": 0,
				"speed": 5
			}
		],
		"subfolders": []
	}
}