{
	"name": "Arena1_WallBar",
	"plugin-id": "Sprite",
	"sid": 663768576750603,
	"isGlobal": false,
	"instanceVariables": [],
	"behaviorTypes": [
		{
			"behaviorId": "solid",
			"name": "Solid",
			"sid": 374100402882021
		}
	],
	"effectTypes": [],
	"animations": {
		"items": [
			{
				"frames": [
					{
						"width": 4,
						"height": 16,
						"originX": 0.5,
						"originY": 0.5,
						"originalSource": "",
						"exportFormat": "png",
						"exportQuality": 0.8,
						"imageSpriteId": 2901532,
						"collisionPoly": {
							"points": [
								0,
								0,
								0.5,
								0,
								1,
								0,
								1,
								0.48915290225976465,
								1,
								1,
								0.49380180435645193,
								1,
								0,
								1,
								0,
								0.5
							]
						},
						"useCollisionPoly": true,
						"duration": 1
					}
				],
				"sid": 658988721214896,
				"name": "Animation 1",
				"isLooping": false,
				"isPingPong": false,
				"repeatCount": 1,
				"repeatTo": 0,
				"speed": 5
			}
		],
		"subfolders": []
	}
}