{
	"name": "Arena1_SeatsMiddle",
	"plugin-id": "Sprite",
	"sid": 557978338908491,
	"isGlobal": false,
	"instanceVariables": [],
	"behaviorTypes": [
		{
			"behaviorId": "solid",
			"name": "Solid",
			"sid": 681479104068126
		}
	],
	"effectTypes": [],
	"animations": {
		"items": [
			{
				"frames": [
					{
						"width": 16,
						"height": 16,
						"originX": 0.5,
						"originY": 0.5,
						"originalSource": "",
						"exportFormat": "png",
						"exportQuality": 0.8,
						"imageSpriteId": 5126348,
						"collisionPoly": {
							"points": [
								0,
								0,
								0.5,
								0,
								0.9375,
								0,
								0.9375,
								0.5,
								0.9375,
								0.9375,
								0.5,
								0.9375,
								0,
								0.9375,
								0,
								0.5
							]
						},
						"useCollisionPoly": true,
						"duration": 1
					}
				],
				"sid": 429524046665823,
				"name": "Animation 1",
				"isLooping": false,
				"isPingPong": false,
				"repeatCount": 1,
				"repeatTo": 0,
				"speed": 5
			}
		],
		"subfolders": []
	}
}