{
	"name": "Arena1_Gate",
	"plugin-id": "Sprite",
	"sid": 439938733443568,
	"isGlobal": false,
	"instanceVariables": [],
	"behaviorTypes": [],
	"effectTypes": [],
	"animations": {
		"items": [
			{
				"frames": [
					{
						"width": 64,
						"height": 32,
						"originX": 0.5,
						"originY": 0.5,
						"originalSource": "",
						"exportFormat": "png",
						"exportQuality": 0.8,
						"imageSpriteId": 9143595,
						"collisionPoly": {
							"points": [
								0.1875,
								0.375,
								0.5,
								0,
								0.796875,
								0.375,
								1,
								0.37980772238628857,
								1,
								1,
								0.5012018937257504,
								1,
								0,
								1,
								0,
								0.37259609593736154
							]
						},
						"useCollisionPoly": true,
						"duration": 1
					}
				],
				"sid": 201742756455547,
				"name": "Animation 1",
				"isLooping": false,
				"isPingPong": false,
				"repeatCount": 1,
				"repeatTo": 0,
				"speed": 5
			}
		],
		"subfolders": []
	}
}