{
	"name": "ArrowLauncher",
	"plugin-id": "Sprite",
	"sid": 309498870462909,
	"isGlobal": false,
	"instanceVariables": [
		{
			"name": "FiringOrder",
			"type": "number",
			"desc": "",
			"sid": 970704081145215
		}
	],
	"behaviorTypes": [],
	"effectTypes": [],
	"animations": {
		"items": [
			{
				"frames": [
					{
						"width": 32,
						"height": 32,
						"originX": 0.5,
						"originY": 1,
						"originalSource": "",
						"exportFormat": "png",
						"exportQuality": 0.8,
						"imageSpriteId": 1095729,
						"useCollisionPoly": true,
						"duration": 1
					}
				],
				"sid": 709986070258128,
				"name": "Animation 1",
				"isLooping": false,
				"isPingPong": false,
				"repeatCount": 1,
				"repeatTo": 0,
				"speed": 5
			}
		],
		"subfolders": []
	}
}