{
	"name": "Arrow",
	"plugin-id": "Sprite",
	"sid": 445036625508531,
	"isGlobal": false,
	"instanceVariables": [
		{
			"name": "AttackPower",
			"type": "number",
			"desc": "",
			"sid": 415814055653546
		},
		{
			"name": "EnemiesItCanHit",
			"type": "number",
			"desc": "",
			"sid": 248850810105683
		},
		{
			"name": "ChargedAttackPower",
			"type": "number",
			"desc": "",
			"sid": 309921540038658
		},
		{
			"name": "isBouncing",
			"type": "boolean",
			"desc": "",
			"sid": 865685802678799
		}
	],
	"behaviorTypes": [
		{
			"behaviorId": "Bullet",
			"name": "Bullet",
			"sid": 284986792267009
		}
	],
	"effectTypes": [],
	"animations": {
		"items": [
			{
				"frames": [
					{
						"width": 743,
						"height": 161,
						"originX": 0,
						"originY": 0.5,
						"originalSource": "",
						"exportFormat": "png",
						"exportQuality": 0.8,
						"imageSpriteId": 2695289,
						"collisionPoly": {
							"points": [
								0.8277255920831147,
								1,
								1,
								0.5096622784768026,
								0.8290713759803555,
								0,
								0.3378197055057631,
								0.49033799711138937
							]
						},
						"useCollisionPoly": true,
						"imagePoints": [
							{
								"name": "Image Point 1",
								"x": 0.17227456258411844,
								"y": 0.45962732919254656
							}
						],
						"duration": 1
					}
				],
				"sid": 333677999821381,
				"name": "Normal",
				"isLooping": false,
				"isPingPong": false,
				"repeatCount": 1,
				"repeatTo": 0,
				"speed": 5
			},
			{
				"frames": [
					{
						"width": 743,
						"height": 161,
						"originX": 0.5555555555555556,
						"originY": 0.5,
						"originalSource": "",
						"exportFormat": "png",
						"exportQuality": 0.8,
						"imageSpriteId": 2764985,
						"collisionPoly": {
							"points": [
								0.8277255920831147,
								1,
								1,
								0.5096622784768026,
								0.8290713759803555,
								0,
								0.3378197055057631,
								0.49033799711138937
							]
						},
						"useCollisionPoly": true,
						"imagePoints": [
							{
								"name": "Image Point 1",
								"x": 0.17227456258411844,
								"y": 0.45962732919254656
							}
						],
						"duration": 1
					}
				],
				"sid": 703987790848779,
				"name": "Fire",
				"isLooping": false,
				"isPingPong": false,
				"repeatCount": 1,
				"repeatTo": 0,
				"speed": 5
			},
			{
				"frames": [
					{
						"width": 743,
						"height": 161,
						"originX": 0.5555555555555556,
						"originY": 0.5,
						"originalSource": "",
						"exportFormat": "png",
						"exportQuality": 0.8,
						"imageSpriteId": 4931329,
						"collisionPoly": {
							"points": [
								0.8277255920831147,
								1,
								1,
								0.5096622784768026,
								0.8290713759803555,
								0,
								0.3378197055057631,
								0.49033799711138937
							]
						},
						"useCollisionPoly": true,
						"imagePoints": [
							{
								"name": "Image Point 1",
								"x": 0.17227456258411844,
								"y": 0.45962732919254656
							}
						],
						"duration": 1
					}
				],
				"sid": 939215929431969,
				"name": "Ice",
				"isLooping": false,
				"isPingPong": false,
				"repeatCount": 1,
				"repeatTo": 0,
				"speed": 5
			},
			{
				"frames": [
					{
						"width": 743,
						"height": 161,
						"originX": 0.5555555555555556,
						"originY": 0.5,
						"originalSource": "",
						"exportFormat": "png",
						"exportQuality": 0.8,
						"imageSpriteId": 1211295,
						"collisionPoly": {
							"points": [
								0.8277255920831147,
								1,
								1,
								0.5096622784768026,
								0.8290713759803555,
								0,
								0.3378197055057631,
								0.49033799711138937
							]
						},
						"useCollisionPoly": true,
						"imagePoints": [
							{
								"name": "Image Point 1",
								"x": 0.17227456258411844,
								"y": 0.45962732919254656
							}
						],
						"duration": 1
					}
				],
				"sid": 119818133350235,
				"name": "Electric",
				"isLooping": false,
				"isPingPong": false,
				"repeatCount": 1,
				"repeatTo": 0,
				"speed": 5
			}
		],
		"subfolders": []
	}
}