{
	"name": "Bobmelee",
	"plugin-id": "Sprite",
	"sid": 160772119256336,
	"isGlobal": false,
	"instanceVariables": [],
	"behaviorTypes": [
		{
			"behaviorId": "MoveTo",
			"name": "MoveTo",
			"sid": 907067109104825
		}
	],
	"effectTypes": [],
	"animations": {
		"items": [
			{
				"frames": [
					{
						"width": 789,
						"height": 961,
						"originX": 0.5,
						"originY": 0.5,
						"originalSource": "",
						"exportFormat": "png",
						"exportQuality": 0.8,
						"imageSpriteId": 364708,
						"useCollisionPoly": true,
						"duration": 1
					}
				],
				"sid": 680719164990415,
				"name": "Animation 1",
				"isLooping": false,
				"isPingPong": false,
				"repeatCount": 1,
				"repeatTo": 0,
				"speed": 5
			}
		],
		"subfolders": []
	}
}