{
	"name": "BossSpawnPoint",
	"plugin-id": "Sprite",
	"sid": 971787249411289,
	"isGlobal": false,
	"instanceVariables": [
		{
			"name": "SpawnType",
			"type": "number",
			"desc": "",
			"sid": 819885427537424
		}
	],
	"behaviorTypes": [],
	"effectTypes": [],
	"animations": {
		"items": [
			{
				"frames": [
					{
						"width": 250,
						"height": 250,
						"originX": 0.5,
						"originY": 0.5,
						"originalSource": "",
						"exportFormat": "png",
						"exportQuality": 0.8,
						"imageSpriteId": 3610808,
						"useCollisionPoly": true,
						"duration": 1
					}
				],
				"sid": 951383570828701,
				"name": "Animation 1",
				"isLooping": false,
				"isPingPong": false,
				"repeatCount": 1,
				"repeatTo": 0,
				"speed": 5
			}
		],
		"subfolders": []
	}
}