{
	"name": "DashPaths",
	"plugin-id": "Sprite",
	"sid": 520568522165314,
	"isGlobal": false,
	"instanceVariables": [],
	"behaviorTypes": [],
	"effectTypes": [],
	"animations": {
		"items": [
			{
				"frames": [
					{
						"width": 32,
						"height": 68,
						"originX": 0.5,
						"originY": 0.5,
						"originalSource": "",
						"exportFormat": "png",
						"exportQuality": 0.8,
						"imageSpriteId": 7540664,
						"collisionPoly": {
							"points": [
								0.3125,
								0.32352941176470584,
								0.53125,
								0.5,
								0.5,
								0.5588235294117647,
								0.53125,
								0.5,
								0.5,
								0.08823529411764708
							]
						},
						"useCollisionPoly": true,
						"duration": 1
					},
					{
						"width": 32,
						"height": 68,
						"originX": 0.5,
						"originY": 0.5,
						"originalSource": "",
						"exportFormat": "png",
						"exportQuality": 0.8,
						"imageSpriteId": 4542067,
						"collisionPoly": {
							"points": [
								0.3125,
								0.3235294117647059,
								0.5625,
								0.5,
								0.375,
								0.6911764705882353,
								0.5,
								0.9852941176470589,
								0.78125,
								0.6323529411764706,
								0.5625,
								0.5,
								0.46875,
								0.20588235294117646,
								0.5,
								0.058823529411764705
							]
						},
						"useCollisionPoly": true,
						"duration": 1
					},
					{
						"width": 32,
						"height": 68,
						"originX": 0.5,
						"originY": 0.5,
						"originalSource": "",
						"exportFormat": "png",
						"exportQuality": 0.8,
						"imageSpriteId": 7165611,
						"collisionPoly": {
							"points": [
								0.46875,
								0.25,
								0.5,
								0.5,
								0.59375,
								0.7941176470588235,
								0.5,
								0.9117647058823529,
								0.75,
								0.6470588235294118,
								0.09375,
								0.5,
								0.40625,
								0.17647058823529413,
								0.5,
								0.058823529411764705
							]
						},
						"useCollisionPoly": true,
						"duration": 1
					},
					{
						"width": 32,
						"height": 68,
						"originX": 0.5,
						"originY": 0.5,
						"originalSource": "",
						"exportFormat": "png",
						"exportQuality": 0.8,
						"imageSpriteId": 9102091,
						"collisionPoly": {
							"points": [
								0.3125,
								0.3235294117647059,
								0.96875,
								0.5,
								0.375,
								0.6911764705882353,
								0.5,
								0.9852941176470589,
								0.78125,
								0.6323529411764706,
								0.5625,
								0.5,
								0.5,
								0.058823529411764705
							]
						},
						"useCollisionPoly": true,
						"duration": 1
					},
					{
						"width": 32,
						"height": 68,
						"originX": 0.5,
						"originY": 0.5,
						"originalSource": "",
						"exportFormat": "png",
						"exportQuality": 0.8,
						"imageSpriteId": 2637576,
						"collisionPoly": {
							"points": [
								0.625,
								0.17647058823529413,
								0.59375,
								0.5,
								0.59375,
								0.7941176470588235,
								0.5,
								0.9852941176470589,
								0.40625,
								0.8088235294117647,
								0.5,
								0.5,
								0.40625,
								0.17647058823529413,
								0.5,
								0.058823529411764705
							]
						},
						"useCollisionPoly": true,
						"duration": 1
					},
					{
						"width": 32,
						"height": 68,
						"originX": 0.5,
						"originY": 0.5,
						"originalSource": "",
						"exportFormat": "png",
						"exportQuality": 0.8,
						"imageSpriteId": 9073636,
						"collisionPoly": {
							"points": [
								0.46875,
								0.25,
								0.5,
								0.5,
								0.59375,
								0.7941176470588235,
								0.5,
								0.9852941176470589,
								0.5,
								0.5,
								0.375,
								0.16176470588235295,
								0.5,
								0.058823529411764705
							]
						},
						"useCollisionPoly": true,
						"duration": 1
					},
					{
						"width": 32,
						"height": 68,
						"originX": 0.5,
						"originY": 0.5,
						"originalSource": "",
						"exportFormat": "png",
						"exportQuality": 0.8,
						"imageSpriteId": 8950763,
						"collisionPoly": {
							"points": [
								0.625,
								0.17647058823529413,
								0.59375,
								0.5,
								0.59375,
								0.7941176470588235,
								0.5,
								0.9852941176470589,
								0.40625,
								0.8088235294117647,
								0.5,
								0.5,
								0.375,
								0.16176470588235295,
								0.5,
								0.058823529411764705
							]
						},
						"useCollisionPoly": true,
						"duration": 1
					},
					{
						"width": 32,
						"height": 68,
						"originX": 0.5,
						"originY": 0.5,
						"originalSource": "",
						"exportFormat": "png",
						"exportQuality": 0.8,
						"imageSpriteId": 4712725,
						"collisionPoly": {
							"points": [
								0.625,
								0.17647058823529413,
								0.5,
								0.6764705882352942,
								0.46875,
								0.20588235294117646,
								0.5,
								0.20588235294117646
							]
						},
						"useCollisionPoly": true,
						"duration": 1
					},
					{
						"width": 32,
						"height": 68,
						"originX": 0.5,
						"originY": 0.5,
						"originalSource": "",
						"exportFormat": "png",
						"exportQuality": 0.8,
						"imageSpriteId": 3820493,
						"collisionPoly": {
							"points": [
								0.65625,
								0.16176470588235295,
								0.5,
								0.6911764705882353,
								0.40625,
								0.8088235294117647,
								0.5,
								0.6911764705882353
							]
						},
						"useCollisionPoly": true,
						"duration": 1
					}
				],
				"sid": 308961633423191,
				"name": "Electric",
				"isLooping": false,
				"isPingPong": false,
				"repeatCount": 1,
				"repeatTo": 0,
				"speed": 15
			},
			{
				"frames": [
					{
						"width": 32,
						"height": 32,
						"originX": 0.5,
						"originY": 0.5,
						"originalSource": "",
						"exportFormat": "png",
						"exportQuality": 0.8,
						"imageSpriteId": 7066669,
						"collisionPoly": {
							"points": [
								0.125,
								0.125,
								0.5,
								0,
								0.84375,
								0.125,
								0.96875,
								0.5,
								0.84375,
								0.84375,
								0.5,
								0.96875,
								0.125,
								0.84375,
								0,
								0.5
							]
						},
						"useCollisionPoly": true,
						"duration": 1
					},
					{
						"width": 32,
						"height": 32,
						"originX": 0.5,
						"originY": 0.5,
						"originalSource": "",
						"exportFormat": "png",
						"exportQuality": 0.8,
						"imageSpriteId": 1489058,
						"collisionPoly": {
							"points": [
								0.125,
								0.125,
								0.5,
								0,
								0.84375,
								0.125,
								0.96875,
								0.5,
								0.84375,
								0.84375,
								0.5,
								0.96875,
								0.125,
								0.84375,
								0,
								0.5
							]
						},
						"useCollisionPoly": true,
						"duration": 1
					},
					{
						"width": 32,
						"height": 32,
						"originX": 0.5,
						"originY": 0.5,
						"originalSource": "",
						"exportFormat": "png",
						"exportQuality": 0.8,
						"imageSpriteId": 9362129,
						"collisionPoly": {
							"points": [
								0.125,
								0.125,
								0.5,
								0,
								0.84375,
								0.125,
								0.96875,
								0.5,
								0.84375,
								0.84375,
								0.5,
								0.96875,
								0.125,
								0.84375,
								0,
								0.5
							]
						},
						"useCollisionPoly": true,
						"duration": 1
					},
					{
						"width": 32,
						"height": 32,
						"originX": 0.5,
						"originY": 0.5,
						"originalSource": "",
						"exportFormat": "png",
						"exportQuality": 0.8,
						"imageSpriteId": 2323141,
						"collisionPoly": {
							"points": [
								0.125,
								0.125,
								0.5,
								0,
								0.84375,
								0.125,
								0.96875,
								0.5,
								0.84375,
								0.84375,
								0.5,
								0.96875,
								0.125,
								0.84375,
								0,
								0.5
							]
						},
						"useCollisionPoly": true,
						"duration": 1
					},
					{
						"width": 32,
						"height": 32,
						"originX": 0.5,
						"originY": 0.5,
						"originalSource": "",
						"exportFormat": "png",
						"exportQuality": 0.8,
						"imageSpriteId": 6134544,
						"collisionPoly": {
							"points": [
								0.125,
								0.125,
								0.5,
								0,
								0.84375,
								0.125,
								0.96875,
								0.5,
								0.84375,
								0.84375,
								0.5,
								0.96875,
								0.125,
								0.84375,
								0,
								0.5
							]
						},
						"useCollisionPoly": true,
						"duration": 1
					},
					{
						"width": 32,
						"height": 32,
						"originX": 0.5,
						"originY": 0.5,
						"originalSource": "",
						"exportFormat": "png",
						"exportQuality": 0.8,
						"imageSpriteId": 7355643,
						"collisionPoly": {
							"points": [
								0.125,
								0.125,
								0.5,
								0,
								0.84375,
								0.125,
								0.96875,
								0.5,
								0.84375,
								0.84375,
								0.5,
								0.96875,
								0.125,
								0.84375,
								0,
								0.5
							]
						},
						"useCollisionPoly": true,
						"duration": 1
					},
					{
						"width": 32,
						"height": 32,
						"originX": 0.5,
						"originY": 0.5,
						"originalSource": "",
						"exportFormat": "png",
						"exportQuality": 0.8,
						"imageSpriteId": 6102200,
						"collisionPoly": {
							"points": [
								0.125,
								0.125,
								0.5,
								0,
								0.84375,
								0.125,
								0.96875,
								0.5,
								0.84375,
								0.84375,
								0.5,
								0.96875,
								0.125,
								0.84375,
								0,
								0.5
							]
						},
						"useCollisionPoly": true,
						"duration": 1
					},
					{
						"width": 32,
						"height": 32,
						"originX": 0.5,
						"originY": 0.5,
						"originalSource": "",
						"exportFormat": "png",
						"exportQuality": 0.8,
						"imageSpriteId": 5039591,
						"collisionPoly": {
							"points": [
								0.125,
								0.125,
								0.5,
								0,
								0.84375,
								0.125,
								0.96875,
								0.5,
								0.84375,
								0.84375,
								0.5,
								0.96875,
								0.125,
								0.84375,
								0,
								0.5
							]
						},
						"useCollisionPoly": true,
						"duration": 1
					},
					{
						"width": 32,
						"height": 32,
						"originX": 0.5,
						"originY": 0.5,
						"originalSource": "",
						"exportFormat": "png",
						"exportQuality": 0.8,
						"imageSpriteId": 7502095,
						"collisionPoly": {
							"points": [
								0.125,
								0.125,
								0.5,
								0,
								0.84375,
								0.125,
								0.96875,
								0.5,
								0.84375,
								0.84375,
								0.5,
								0.96875,
								0.125,
								0.84375,
								0,
								0.5
							]
						},
						"useCollisionPoly": true,
						"duration": 1
					},
					{
						"width": 32,
						"height": 32,
						"originX": 0.5,
						"originY": 0.5,
						"originalSource": "",
						"exportFormat": "png",
						"exportQuality": 0.8,
						"imageSpriteId": 391129,
						"collisionPoly": {
							"points": [
								0.125,
								0.125,
								0.5,
								0,
								0.84375,
								0.125,
								0.96875,
								0.5,
								0.84375,
								0.84375,
								0.5,
								0.96875,
								0.125,
								0.84375,
								0,
								0.5
							]
						},
						"useCollisionPoly": true,
						"duration": 1
					}
				],
				"sid": 226353540883480,
				"name": "Ice",
				"isLooping": false,
				"isPingPong": false,
				"repeatCount": 1,
				"repeatTo": 0,
				"speed": 14
			},
			{
				"frames": [
					{
						"width": 32,
						"height": 32,
						"originX": 0.5,
						"originY": 0.5,
						"originalSource": "",
						"exportFormat": "png",
						"exportQuality": 0.8,
						"imageSpriteId": 175768,
						"collisionPoly": {
							"points": [
								0.28125,
								0.28125,
								0.5,
								0.21875,
								0.8125,
								0.15625,
								0.875,
								0.5,
								0.8125,
								0.8125,
								0.5,
								0.84375,
								0.25,
								0.71875,
								0.21875,
								0.5
							]
						},
						"useCollisionPoly": true,
						"duration": 1
					},
					{
						"width": 32,
						"height": 32,
						"originX": 0.5,
						"originY": 0.5,
						"originalSource": "",
						"exportFormat": "png",
						"exportQuality": 0.8,
						"imageSpriteId": 3224346,
						"collisionPoly": {
							"points": [
								0.28125,
								0.28125,
								0.5,
								0.21875,
								0.8125,
								0.15625,
								0.875,
								0.5,
								0.8125,
								0.8125,
								0.5,
								0.84375,
								0.25,
								0.71875,
								0.21875,
								0.5
							]
						},
						"useCollisionPoly": true,
						"duration": 1
					},
					{
						"width": 32,
						"height": 32,
						"originX": 0.5,
						"originY": 0.5,
						"originalSource": "",
						"exportFormat": "png",
						"exportQuality": 0.8,
						"imageSpriteId": 8380682,
						"collisionPoly": {
							"points": [
								0.3125,
								0.3125,
								0.5,
								0.21875,
								0.75,
								0.21875,
								0.84375,
								0.5,
								0.8125,
								0.8125,
								0.5,
								0.84375,
								0.28125,
								0.6875,
								0.1875,
								0.5
							]
						},
						"useCollisionPoly": true,
						"duration": 1
					},
					{
						"width": 32,
						"height": 32,
						"originX": 0.5,
						"originY": 0.5,
						"originalSource": "",
						"exportFormat": "png",
						"exportQuality": 0.8,
						"imageSpriteId": 690994,
						"collisionPoly": {
							"points": [
								0.3125,
								0.3125,
								0.5,
								0.21875,
								0.75,
								0.21875,
								0.875,
								0.5,
								0.8125,
								0.8125,
								0.5,
								0.875,
								0.28125,
								0.6875,
								0.1875,
								0.5
							]
						},
						"useCollisionPoly": true,
						"duration": 1
					},
					{
						"width": 32,
						"height": 32,
						"originX": 0.5,
						"originY": 0.5,
						"originalSource": "",
						"exportFormat": "png",
						"exportQuality": 0.8,
						"imageSpriteId": 9367940,
						"collisionPoly": {
							"points": [
								0.3125,
								0.3125,
								0.5,
								0.21875,
								0.75,
								0.21875,
								0.875,
								0.5,
								0.8125,
								0.8125,
								0.5,
								0.6875,
								0.28125,
								0.6875,
								0.1875,
								0.5
							]
						},
						"useCollisionPoly": true,
						"duration": 1
					},
					{
						"width": 32,
						"height": 32,
						"originX": 0.5,
						"originY": 0.5,
						"originalSource": "",
						"exportFormat": "png",
						"exportQuality": 0.8,
						"imageSpriteId": 9160480,
						"collisionPoly": {
							"points": [
								0.65625,
								0.65625,
								0.65625,
								0.3125,
								0.65625,
								0.65625,
								0.34375,
								0.625
							]
						},
						"useCollisionPoly": true,
						"duration": 1
					}
				],
				"sid": 830562098544998,
				"name": "Fire",
				"isLooping": false,
				"isPingPong": false,
				"repeatCount": 1,
				"repeatTo": 0,
				"speed": 5
			}
		],
		"subfolders": []
	}
}