{
	"name": "DoorWalls",
	"plugin-id": "Sprite",
	"sid": 149649231730935,
	"isGlobal": false,
	"instanceVariables": [
		{
			"name": "Door",
			"type": "number",
			"desc": "",
			"sid": 318471894542484
		}
	],
	"behaviorTypes": [
		{
			"behaviorId": "solid",
			"name": "Solid",
			"sid": 576737260669728
		}
	],
	"effectTypes": [],
	"animations": {
		"items": [
			{
				"frames": [
					{
						"width": 4,
						"height": 112,
						"originX": 0.5,
						"originY": 0.524390243902439,
						"originalSource": "",
						"exportFormat": "png",
						"exportQuality": 0.8,
						"imageSpriteId": 9484046,
						"useCollisionPoly": true,
						"duration": 1
					}
				],
				"sid": 960343800425060,
				"name": "7 Bars",
				"isLooping": false,
				"isPingPong": false,
				"repeatCount": 1,
				"repeatTo": 0,
				"speed": 5
			},
			{
				"frames": [
					{
						"width": 4,
						"height": 112,
						"originX": 0.5,
						"originY": 0.5,
						"originalSource": "",
						"exportFormat": "png",
						"exportQuality": 0.8,
						"imageSpriteId": 4758514,
						"useCollisionPoly": true,
						"duration": 1
					}
				],
				"sid": 792502181535382,
				"name": "7 Bars Green",
				"isLooping": false,
				"isPingPong": false,
				"repeatCount": 1,
				"repeatTo": 0,
				"speed": 5
			},
			{
				"frames": [
					{
						"width": 4,
						"height": 96,
						"originX": 0.5,
						"originY": 0.5,
						"originalSource": "",
						"exportFormat": "png",
						"exportQuality": 0.8,
						"imageSpriteId": 8523500,
						"useCollisionPoly": true,
						"duration": 1
					}
				],
				"sid": 447904746027553,
				"name": "6 Bars Green",
				"isLooping": false,
				"isPingPong": false,
				"repeatCount": 1,
				"repeatTo": 0,
				"speed": 5
			},
			{
				"frames": [
					{
						"width": 6,
						"height": 26,
						"originX": 2.388888888888889,
						"originY": 6.961538461538462,
						"originalSource": "",
						"exportFormat": "png",
						"exportQuality": 0.8,
						"imageSpriteId": 1371046,
						"collisionPoly": {
							"points": [
								0.16666666666666666,
								0.038461538461538464,
								0.8333333333333334,
								0.038461538461538464,
								0.8333333333333334,
								0.9615384615384616,
								0.16666666666666666,
								0.9615384615384616
							]
						},
						"useCollisionPoly": true,
						"duration": 1
					}
				],
				"sid": 574444370392768,
				"name": "3 Bars",
				"isLooping": false,
				"isPingPong": false,
				"repeatCount": 1,
				"repeatTo": 0,
				"speed": 5
			}
		],
		"subfolders": []
	}
}