{
	"name": "EnemySpawnPoint",
	"plugin-id": "Sprite",
	"sid": 370503932192500,
	"isGlobal": false,
	"instanceVariables": [
		{
			"name": "SpawnType",
			"type": "number",
			"desc": "",
			"sid": 460067376507802
		}
	],
	"behaviorTypes": [],
	"effectTypes": [],
	"animations": {
		"items": [
			{
				"frames": [
					{
						"width": 250,
						"height": 250,
						"originX": 0.5,
						"originY": 0.5,
						"originalSource": "",
						"exportFormat": "png",
						"exportQuality": 0.8,
						"imageSpriteId": 9047223,
						"useCollisionPoly": true,
						"imagePoints": [
							{
								"name": "Image Point 1",
								"x": 0.5,
								"y": 1
							}
						],
						"duration": 1
					}
				],
				"sid": 869450102837532,
				"name": "Animation 1",
				"isLooping": false,
				"isPingPong": false,
				"repeatCount": 1,
				"repeatTo": 0,
				"speed": 5
			}
		],
		"subfolders": []
	}
}