{
	"name": "EnemyArrows",
	"plugin-id": "Sprite",
	"sid": 548224874885287,
	"isGlobal": false,
	"instanceVariables": [
		{
			"name": "AttackPower",
			"type": "number",
			"desc": "",
			"sid": 578744188049503
		},
		{
			"name": "EnemiesItCanHit",
			"type": "number",
			"desc": "",
			"sid": 304224658718601
		},
		{
			"name": "ChargedAttackPower",
			"type": "number",
			"desc": "",
			"sid": 868532571027227
		}
	],
	"behaviorTypes": [
		{
			"behaviorId": "Bullet",
			"name": "Bullet",
			"sid": 780109210418871
		}
	],
	"effectTypes": [],
	"animations": {
		"items": [
			{
				"frames": [
					{
						"width": 743,
						"height": 161,
						"originX": 0,
						"originY": 0.5,
						"originalSource": "",
						"exportFormat": "png",
						"exportQuality": 0.8,
						"imageSpriteId": 2851697,
						"collisionPoly": {
							"points": [
								1,
								0.05555555555555555,
								1,
								0.9444444444444444,
								0,
								0.9444444444444444,
								0,
								0.05555555555555555
							]
						},
						"useCollisionPoly": true,
						"duration": 1
					}
				],
				"sid": 426145890555427,
				"name": "Normal",
				"isLooping": false,
				"isPingPong": false,
				"repeatCount": 1,
				"repeatTo": 0,
				"speed": 5
			},
			{
				"frames": [
					{
						"width": 743,
						"height": 161,
						"originX": 0.5555555555555556,
						"originY": 0.5,
						"originalSource": "",
						"exportFormat": "png",
						"exportQuality": 0.8,
						"imageSpriteId": 5462791,
						"collisionPoly": {
							"points": [
								1,
								0.05555555555555555,
								1,
								0.9444444444444444,
								0,
								0.9444444444444444,
								0,
								0.05555555555555555
							]
						},
						"useCollisionPoly": true,
						"duration": 1
					}
				],
				"sid": 954564717277748,
				"name": "Fire",
				"isLooping": false,
				"isPingPong": false,
				"repeatCount": 1,
				"repeatTo": 0,
				"speed": 5
			},
			{
				"frames": [
					{
						"width": 743,
						"height": 161,
						"originX": 0.5555555555555556,
						"originY": 0.5,
						"originalSource": "",
						"exportFormat": "png",
						"exportQuality": 0.8,
						"imageSpriteId": 8450794,
						"collisionPoly": {
							"points": [
								1,
								0.05555555555555555,
								1,
								0.9444444444444444,
								0,
								0.9444444444444444,
								0,
								0.05555555555555555
							]
						},
						"useCollisionPoly": true,
						"duration": 1
					}
				],
				"sid": 319947181103141,
				"name": "Ice",
				"isLooping": false,
				"isPingPong": false,
				"repeatCount": 1,
				"repeatTo": 0,
				"speed": 5
			},
			{
				"frames": [
					{
						"width": 743,
						"height": 161,
						"originX": 0.5555555555555556,
						"originY": 0.5,
						"originalSource": "",
						"exportFormat": "png",
						"exportQuality": 0.8,
						"imageSpriteId": 7529495,
						"collisionPoly": {
							"points": [
								1,
								0.05555555555555555,
								1,
								0.9444444444444444,
								0,
								0.9444444444444444,
								0,
								0.05555555555555555
							]
						},
						"useCollisionPoly": true,
						"duration": 1
					}
				],
				"sid": 693751561446427,
				"name": "Electric",
				"isLooping": false,
				"isPingPong": false,
				"repeatCount": 1,
				"repeatTo": 0,
				"speed": 5
			}
		],
		"subfolders": []
	}
}