{
	"name": "HPBarSetter",
	"plugin-id": "Sprite",
	"sid": 273499855218001,
	"isGlobal": false,
	"instanceVariables": [],
	"behaviorTypes": [],
	"effectTypes": [],
	"animations": {
		"items": [
			{
				"frames": [
					{
						"width": 749,
						"height": 749,
						"originX": 0.5,
						"originY": 1,
						"originalSource": "",
						"exportFormat": "png",
						"exportQuality": 0.8,
						"imageSpriteId": 4983138,
						"useCollisionPoly": true,
						"duration": 1
					}
				],
				"sid": 335930086892944,
				"name": "Animation 1",
				"isLooping": false,
				"isPingPong": false,
				"repeatCount": 1,
				"repeatTo": 0,
				"speed": 5
			}
		],
		"subfolders": []
	}
}