{
	"name": "Level2_Decor2",
	"plugin-id": "Sprite",
	"sid": 418238165930142,
	"isGlobal": false,
	"instanceVariables": [],
	"behaviorTypes": [],
	"effectTypes": [],
	"animations": {
		"items": [
			{
				"frames": [
					{
						"width": 12,
						"height": 23,
						"originX": 0.5,
						"originY": 0.5,
						"originalSource": "",
						"exportFormat": "png",
						"exportQuality": 0.8,
						"imageSpriteId": 4050232,
						"collisionPoly": {
							"points": [
								0.041666666666666664,
								0.0625,
								0.5,
								0.125,
								0.7916666666666666,
								0.25,
								0.9583333333333334,
								0.5,
								0.9583333333333334,
								0.9375,
								0.5,
								0.875,
								0.125,
								0.75,
								0,
								0.5
							]
						},
						"useCollisionPoly": true,
						"duration": 1
					}
				],
				"sid": 724543589380281,
				"name": "Animation 1",
				"isLooping": false,
				"isPingPong": false,
				"repeatCount": 1,
				"repeatTo": 0,
				"speed": 5
			}
		],
		"subfolders": []
	}
}