{
	"name": "Level2_Gate",
	"plugin-id": "Sprite",
	"sid": 719221082898836,
	"isGlobal": false,
	"instanceVariables": [],
	"behaviorTypes": [
		{
			"behaviorId": "solid",
			"name": "Solid",
			"sid": 869884903167053
		}
	],
	"effectTypes": [],
	"animations": {
		"items": [
			{
				"frames": [
					{
						"width": 64,
						"height": 32,
						"originX": 0.5,
						"originY": 0.5,
						"originalSource": "",
						"exportFormat": "png",
						"exportQuality": 0.8,
						"imageSpriteId": 7912745,
						"collisionPoly": {
							"points": [
								0.1875,
								0.375,
								0.5,
								0,
								0.796875,
								0.375,
								0.984375,
								0.5,
								0.984375,
								0.96875,
								0.6871279080708815,
								0.9650297902879265,
								0.6889881633576911,
								0.36755955786931965,
								0.5005580527441843,
								0.1921503898643302,
								0.31659227325802713,
								0.35751494055702515,
								0.3117559750874841,
								0.956101298332215,
								0,
								0.96875,
								0,
								0.5
							]
						},
						"useCollisionPoly": true,
						"duration": 1
					}
				],
				"sid": 473922218713559,
				"name": "Animation 1",
				"isLooping": false,
				"isPingPong": false,
				"repeatCount": 1,
				"repeatTo": 0,
				"speed": 5
			}
		],
		"subfolders": []
	}
}