{
	"name": "Level2_Decor3",
	"plugin-id": "Sprite",
	"sid": 762516622801185,
	"isGlobal": false,
	"instanceVariables": [],
	"behaviorTypes": [],
	"effectTypes": [],
	"animations": {
		"items": [
			{
				"frames": [
					{
						"width": 12,
						"height": 23,
						"originX": 0.5,
						"originY": 0.5,
						"originalSource": "",
						"exportFormat": "png",
						"exportQuality": 0.8,
						"imageSpriteId": 3124581,
						"collisionPoly": {
							"points": [
								1,
								0.5,
								0.875,
								0.75,
								0.5,
								0.875,
								0.04166666666666663,
								0.9375,
								0.04166666666666663,
								0.5,
								0.20833333333333337,
								0.25,
								0.5,
								0.125,
								0.9583333333333334,
								0.0625
							]
						},
						"useCollisionPoly": true,
						"duration": 1
					}
				],
				"sid": 698673414608744,
				"name": "Animation 1",
				"isLooping": false,
				"isPingPong": false,
				"repeatCount": 1,
				"repeatTo": 0,
				"speed": 5
			}
		],
		"subfolders": []
	}
}