{
	"name": "Level2_Wall",
	"plugin-id": "Sprite",
	"sid": 838491804899712,
	"isGlobal": false,
	"instanceVariables": [],
	"behaviorTypes": [
		{
			"behaviorId": "solid",
			"name": "Solid",
			"sid": 116926654552419
		}
	],
	"effectTypes": [],
	"animations": {
		"items": [
			{
				"frames": [
					{
						"width": 16,
						"height": 16,
						"originX": 0.5,
						"originY": 0.5,
						"originalSource": "",
						"exportFormat": "png",
						"exportQuality": 0.8,
						"imageSpriteId": 6275900,
						"collisionPoly": {
							"points": [
								0,
								0,
								0.5,
								0,
								1,
								0,
								1,
								0.4983107592935028,
								1,
								1,
								0.4864864455077498,
								1,
								0,
								1,
								0,
								0.5
							]
						},
						"useCollisionPoly": true,
						"duration": 1
					}
				],
				"sid": 220874422243294,
				"name": "Animation 1",
				"isLooping": false,
				"isPingPong": false,
				"repeatCount": 1,
				"repeatTo": 0,
				"speed": 5
			}
		],
		"subfolders": []
	}
}