{
	"name": "Melee_Enemy_Minor",
	"plugin-id": "Sprite",
	"sid": 479808422501921,
	"isGlobal": false,
	"instanceVariables": [
		{
			"name": "Area",
			"type": "number",
			"desc": "",
			"sid": 277579247019996
		}
	],
	"behaviorTypes": [
		{
			"behaviorId": "solid",
			"name": "Solid",
			"sid": 281092781757943
		},
		{
			"behaviorId": "Bullet",
			"name": "Bullet",
			"sid": 403895607235016
		}
	],
	"effectTypes": [],
	"animations": {
		"items": [
			{
				"frames": [
					{
						"width": 622,
						"height": 600,
						"originX": 0.5,
						"originY": 0.5,
						"originalSource": "",
						"exportFormat": "png",
						"exportQuality": 0.8,
						"imageSpriteId": 7954148,
						"collisionPoly": {
							"points": [
								0.1045016077170418,
								0.10833333333333334,
								0.5,
								0.0033333333333333335,
								0.8938906752411575,
								0.10833333333333334,
								0.9839228295819936,
								0.5,
								0.8472668810289389,
								0.8416666666666667,
								0.5,
								0.9983333333333333,
								0.15112540192926044,
								0.8416666666666667,
								0.024115755627009645,
								0.5
							]
						},
						"useCollisionPoly": true,
						"duration": 1
					},
					{
						"width": 622,
						"height": 600,
						"originX": 0.5,
						"originY": 0.5,
						"originalSource": "",
						"exportFormat": "png",
						"exportQuality": 0.8,
						"imageSpriteId": 8856600,
						"collisionPoly": {
							"points": [
								0.0732899022801303,
								0.07627118644067797,
								0.5,
								0,
								0.9250814332247557,
								0.07627118644067797,
								0.996742671009772,
								0.5,
								0.8534201954397395,
								0.847457627118644,
								0.5,
								0.9610169491525423,
								0.1449511400651466,
								0.847457627118644,
								0.0016286644951140066,
								0.5
							]
						},
						"useCollisionPoly": true,
						"duration": 1
					}
				],
				"sid": 252265176200206,
				"name": "Normal",
				"isLooping": false,
				"isPingPong": false,
				"repeatCount": 1,
				"repeatTo": 0,
				"speed": 0
			},
			{
				"frames": [
					{
						"width": 622,
						"height": 600,
						"originX": 0.5,
						"originY": 0.5,
						"originalSource": "",
						"exportFormat": "png",
						"exportQuality": 0.8,
						"imageSpriteId": 7013704,
						"collisionPoly": {
							"points": [
								0.1045016077170418,
								0.10833333333333334,
								0.5,
								0.0033333333333333335,
								0.8938906752411575,
								0.10833333333333334,
								0.9839228295819936,
								0.5,
								0.8472668810289389,
								0.8416666666666667,
								0.5,
								0.9983333333333333,
								0.15112540192926044,
								0.8416666666666667,
								0.024115755627009645,
								0.5
							]
						},
						"useCollisionPoly": true,
						"duration": 1
					}
				],
				"sid": 489911772786862,
				"name": "Burning",
				"isLooping": false,
				"isPingPong": false,
				"repeatCount": 1,
				"repeatTo": 0,
				"speed": 5
			},
			{
				"frames": [
					{
						"width": 622,
						"height": 600,
						"originX": 0.5,
						"originY": 0.5,
						"originalSource": "",
						"exportFormat": "png",
						"exportQuality": 0.8,
						"imageSpriteId": 975351,
						"collisionPoly": {
							"points": [
								0.1045016077170418,
								0.10833333333333334,
								0.5,
								0.0033333333333333335,
								0.8938906752411575,
								0.10833333333333334,
								0.9839228295819936,
								0.5,
								0.8472668810289389,
								0.8416666666666667,
								0.5,
								0.9983333333333333,
								0.15112540192926044,
								0.8416666666666667,
								0.024115755627009645,
								0.5
							]
						},
						"useCollisionPoly": true,
						"duration": 1
					}
				],
				"sid": 839398903178132,
				"name": "Frozen",
				"isLooping": false,
				"isPingPong": false,
				"repeatCount": 1,
				"repeatTo": 0,
				"speed": 5
			},
			{
				"frames": [
					{
						"width": 622,
						"height": 600,
						"originX": 0.5,
						"originY": 0.5,
						"originalSource": "",
						"exportFormat": "png",
						"exportQuality": 0.8,
						"imageSpriteId": 3845989,
						"collisionPoly": {
							"points": [
								0.07395498392282958,
								0.07666666666666666,
								0.5,
								0.0033333333333333335,
								0.9630225080385852,
								0.03666666666666667,
								0.9839228295819936,
								0.5,
								0.9581993569131833,
								0.9566666666666667,
								0.5,
								0.9983333333333333,
								0.1045016077170418,
								0.89,
								0.024115755627009645,
								0.5
							]
						},
						"useCollisionPoly": true,
						"duration": 1
					},
					{
						"width": 619,
						"height": 600,
						"originX": 0.5,
						"originY": 0.5,
						"originalSource": "",
						"exportFormat": "png",
						"exportQuality": 0.8,
						"imageSpriteId": 6121699,
						"collisionPoly": {
							"points": [
								0.07395498392282958,
								0.07666666666666666,
								0.5,
								0.0033333333333333335,
								0.9630225080385852,
								0.03666666666666667,
								0.9839228295819936,
								0.5,
								0.9581993569131833,
								0.9566666666666667,
								0.5,
								0.9983333333333333,
								0.1045016077170418,
								0.89,
								0.024115755627009645,
								0.5
							]
						},
						"useCollisionPoly": true,
						"duration": 1
					}
				],
				"sid": 623944742292940,
				"name": "Paralyzed",
				"isLooping": true,
				"isPingPong": false,
				"repeatCount": 1,
				"repeatTo": 0,
				"speed": 5
			}
		],
		"subfolders": []
	}
}