{
	"name": "NextSceneZone",
	"plugin-id": "Sprite",
	"sid": 233863503319446,
	"isGlobal": false,
	"instanceVariables": [
		{
			"name": "NextScene",
			"type": "string",
			"desc": "",
			"sid": 282273001647161
		}
	],
	"behaviorTypes": [],
	"effectTypes": [],
	"animations": {
		"items": [
			{
				"frames": [
					{
						"width": 250,
						"height": 250,
						"originX": 0.5,
						"originY": 0.5,
						"originalSource": "",
						"exportFormat": "png",
						"exportQuality": 0.8,
						"imageSpriteId": 4047282,
						"useCollisionPoly": true,
						"duration": 1
					}
				],
				"sid": 110172285359449,
				"name": "Animation 1",
				"isLooping": false,
				"isPingPong": false,
				"repeatCount": 1,
				"repeatTo": 0,
				"speed": 5
			}
		],
		"subfolders": []
	}
}