{
	"name": "OrcBoss",
	"plugin-id": "Sprite",
	"sid": 199827247396550,
	"isGlobal": false,
	"instanceVariables": [
		{
			"name": "TravelOrder",
			"type": "number",
			"desc": "",
			"sid": 499456015396227
		},
		{
			"name": "MaxHealth",
			"type": "number",
			"desc": "",
			"sid": 337118797249063
		}
	],
	"behaviorTypes": [],
	"effectTypes": [],
	"animations": {
		"items": [
			{
				"frames": [
					{
						"width": 1837,
						"height": 2155,
						"originX": 0.5,
						"originY": 0.5,
						"originalSource": "",
						"exportFormat": "png",
						"exportQuality": 0.8,
						"imageSpriteId": 9850186,
						"collisionPoly": {
							"points": [
								0.1491562329885683,
								0.1271461716937355,
								0.5,
								0,
								0.8508437670114317,
								0.12668213457076566,
								0.9118127381600436,
								0.5,
								0.758845944474687,
								0.794431554524362,
								0.4814914552729742,
								0.8167053751418151,
								0.2406096897114861,
								0.794431554524362,
								0.08709853021230267,
								0.5
							]
						},
						"useCollisionPoly": true,
						"duration": 1
					},
					{
						"width": 1837,
						"height": 2155,
						"originX": 0.5,
						"originY": 0.5,
						"originalSource": "",
						"exportFormat": "png",
						"exportQuality": 0.8,
						"imageSpriteId": 9084612,
						"collisionPoly": {
							"points": [
								0.1491562329885683,
								0.1271461716937355,
								0.5,
								0,
								0.8508437670114317,
								0.12668213457076566,
								0.9118127381600436,
								0.5,
								0.758845944474687,
								0.794431554524362,
								0.4814914552729742,
								0.8167053751418151,
								0.2406096897114861,
								0.794431554524362,
								0.08709853021230267,
								0.5
							]
						},
						"useCollisionPoly": true,
						"duration": 1
					}
				],
				"sid": 448189510165922,
				"name": "Normal",
				"isLooping": false,
				"isPingPong": false,
				"repeatCount": 1,
				"repeatTo": 0,
				"speed": 0
			},
			{
				"frames": [
					{
						"width": 1837,
						"height": 2155,
						"originX": 0.5,
						"originY": 0.5,
						"originalSource": "",
						"exportFormat": "png",
						"exportQuality": 0.8,
						"imageSpriteId": 8536610,
						"collisionPoly": {
							"points": [
								0.1431682090364725,
								0.12204176334106728,
								0.5,
								0,
								0.8568317909635275,
								0.12157772621809745,
								0.8949373979314099,
								0.5,
								0.7577572128470332,
								0.7935034802784223,
								0.5,
								0.9995359628770302,
								0.2416984213391399,
								0.7935034802784223,
								0.10669569951007077,
								0.5
							]
						},
						"useCollisionPoly": true,
						"duration": 1
					}
				],
				"sid": 767128978470033,
				"name": "Burning",
				"isLooping": false,
				"isPingPong": false,
				"repeatCount": 1,
				"repeatTo": 0,
				"speed": 5
			},
			{
				"frames": [
					{
						"width": 1837,
						"height": 2155,
						"originX": 0.5,
						"originY": 0.5,
						"originalSource": "",
						"exportFormat": "png",
						"exportQuality": 0.8,
						"imageSpriteId": 8819044,
						"collisionPoly": {
							"points": [
								0.1431682090364725,
								0.12204176334106728,
								0.5,
								0,
								0.8568317909635275,
								0.12157772621809745,
								0.8949373979314099,
								0.5,
								0.7577572128470332,
								0.7935034802784223,
								0.5,
								0.9995359628770302,
								0.2416984213391399,
								0.7935034802784223,
								0.10669569951007077,
								0.5
							]
						},
						"useCollisionPoly": true,
						"duration": 1
					}
				],
				"sid": 378874385685065,
				"name": "Frozen",
				"isLooping": false,
				"isPingPong": false,
				"repeatCount": 1,
				"repeatTo": 0,
				"speed": 5
			},
			{
				"frames": [
					{
						"width": 1837,
						"height": 2155,
						"originX": 0.5,
						"originY": 0.5,
						"originalSource": "",
						"exportFormat": "png",
						"exportQuality": 0.8,
						"imageSpriteId": 1307431,
						"collisionPoly": {
							"points": [
								0.015786608600979857,
								0.01345707656612529,
								0.5,
								0,
								0.9493739793140991,
								0.04269141531322506,
								0.8949373979314099,
								0.5,
								0.859553620032662,
								0.880278422273782,
								0.5,
								0.9995359628770302,
								0.16820903647250954,
								0.8561484918793504,
								0.08111050626020685,
								0.5
							]
						},
						"useCollisionPoly": true,
						"duration": 1
					},
					{
						"width": 1837,
						"height": 2155,
						"originX": 0.5,
						"originY": 0.5,
						"originalSource": "",
						"exportFormat": "png",
						"exportQuality": 0.8,
						"imageSpriteId": 9135151,
						"collisionPoly": {
							"points": [
								0.015786608600979857,
								0.01345707656612529,
								0.5,
								0,
								0.9493739793140991,
								0.04269141531322506,
								0.8949373979314099,
								0.5,
								0.859553620032662,
								0.880278422273782,
								0.5,
								0.9995359628770302,
								0.16820903647250954,
								0.8561484918793504,
								0.08111050626020685,
								0.5
							]
						},
						"useCollisionPoly": true,
						"duration": 1
					}
				],
				"sid": 734454437162149,
				"name": "Paralyzed",
				"isLooping": true,
				"isPingPong": false,
				"repeatCount": 1,
				"repeatTo": 0,
				"speed": 5
			}
		],
		"subfolders": []
	}
}