{
	"name": "Pillaer",
	"plugin-id": "Sprite",
	"sid": 171242130995743,
	"isGlobal": false,
	"instanceVariables": [],
	"behaviorTypes": [],
	"effectTypes": [],
	"animations": {
		"items": [
			{
				"frames": [
					{
						"width": 21,
						"height": 47,
						"originX": 0.5,
						"originY": 0.5,
						"originalSource": "",
						"exportFormat": "png",
						"exportQuality": 0.8,
						"imageSpriteId": 1212583,
						"collisionPoly": {
							"points": [
								0.14285714285714285,
								0,
								0.5,
								0,
								0.8125000713205823,
								0,
								0.949404756937708,
								0.5970744695716999,
								0.9523809523809523,
								0.9787234042553191,
								0.5,
								0.9787234042553191,
								0,
								0.9787234042553191,
								0,
								0.5970744330480036
							]
						},
						"useCollisionPoly": true,
						"duration": 1
					}
				],
				"sid": 104273434095196,
				"name": "Animation 1",
				"isLooping": false,
				"isPingPong": false,
				"repeatCount": 1,
				"repeatTo": 0,
				"speed": 5
			}
		],
		"subfolders": []
	}
}