{
	"name": "Player",
	"plugin-id": "Sprite",
	"sid": 297731963183778,
	"isGlobal": false,
	"instanceVariables": [],
	"behaviorTypes": [
		{
			"behaviorId": "EightDir",
			"name": "8Direction",
			"sid": 160512496472410
		},
		{
			"behaviorId": "scrollto",
			"name": "ScrollTo",
			"sid": 156391791293856
		},
		{
			"behaviorId": "bound",
			"name": "BoundToLayout",
			"sid": 963926395094694
		},
		{
			"behaviorId": "Bullet",
			"name": "Bullet",
			"sid": 584511997098110
		}
	],
	"effectTypes": [],
	"animations": {
		"items": [
			{
				"frames": [
					{
						"width": 749,
						"height": 749,
						"originX": 0.5,
						"originY": 0.5,
						"originalSource": "",
						"exportFormat": "png",
						"exportQuality": 0.8,
						"imageSpriteId": 841114,
						"collisionPoly": {
							"points": [
								0.10547396528704944,
								0.8945260347129506,
								0,
								0.5,
								0.13084112149532712,
								0.13217623497997333,
								0.5,
								0.014686248331108098,
								0.8798397863818425,
								0.12016021361815754,
								0.9973297730307076,
								0.5,
								0.8798397863818425,
								0.8811748998664887,
								0.5,
								0.8945260347129506
							]
						},
						"useCollisionPoly": true,
						"imagePoints": [
							{
								"name": "Image Point 1",
								"x": 0,
								"y": 0.5
							}
						],
						"duration": 1
					},
					{
						"width": 749,
						"height": 749,
						"originX": 0.5,
						"originY": 0.5,
						"originalSource": "",
						"exportFormat": "png",
						"exportQuality": 0.8,
						"imageSpriteId": 168070,
						"collisionPoly": {
							"points": [
								0.1054739652870494,
								0.8945260347129506,
								0,
								0.5,
								0.1308411214953271,
								0.13217623497997333,
								0.5,
								0.014686248331108098,
								0.8798397863818425,
								0.12016021361815754,
								0.9973297730307076,
								0.5,
								0.8798397863818425,
								0.8811748998664887,
								0.5,
								0.8945260347129506
							]
						},
						"useCollisionPoly": true,
						"imagePoints": [
							{
								"name": "Image Point 1",
								"x": 0.5,
								"y": 1
							}
						],
						"duration": 1
					}
				],
				"sid": 366665800894265,
				"name": "Animation 1",
				"isLooping": false,
				"isPingPong": false,
				"repeatCount": 1,
				"repeatTo": 0,
				"speed": 0
			}
		],
		"subfolders": []
	}
}