{
	"name": "Ranged_Enemy_Minor",
	"plugin-id": "Sprite",
	"sid": 459427754936889,
	"isGlobal": false,
	"instanceVariables": [
		{
			"name": "Area",
			"type": "number",
			"desc": "",
			"sid": 768080265694152
		}
	],
	"behaviorTypes": [
		{
			"behaviorId": "Turret",
			"name": "Turret",
			"sid": 896632534375532
		}
	],
	"effectTypes": [],
	"animations": {
		"items": [
			{
				"frames": [
					{
						"width": 798,
						"height": 750,
						"originX": 0.5,
						"originY": 0.5,
						"originalSource": "",
						"exportFormat": "png",
						"exportQuality": 0.8,
						"imageSpriteId": 5465416,
						"collisionPoly": {
							"points": [
								0,
								0,
								1,
								0,
								0.7619046912555774,
								0.7919999917348229,
								0.23057669501755743,
								0.7999999920527138
							]
						},
						"useCollisionPoly": true,
						"duration": 1
					},
					{
						"width": 798,
						"height": 750,
						"originX": 0.5,
						"originY": 0.5,
						"originalSource": "",
						"exportFormat": "png",
						"exportQuality": 0.8,
						"imageSpriteId": 365032,
						"collisionPoly": {
							"points": [
								0,
								0,
								1,
								0,
								0.7619046912555774,
								0.7919999917348229,
								0.23057669501755743,
								0.7999999920527138
							]
						},
						"useCollisionPoly": true,
						"duration": 1
					}
				],
				"sid": 736468096908327,
				"name": "Normal",
				"isLooping": false,
				"isPingPong": false,
				"repeatCount": 1,
				"repeatTo": 0,
				"speed": 0
			},
			{
				"frames": [
					{
						"width": 798,
						"height": 750,
						"originX": 0.5,
						"originY": 0.5,
						"originalSource": "",
						"exportFormat": "png",
						"exportQuality": 0.8,
						"imageSpriteId": 1718135,
						"collisionPoly": {
							"points": [
								0.08897243107769423,
								0.09466666666666666,
								0.5,
								0,
								0.9260651629072681,
								0.07733333333333334,
								0.9260651629072681,
								0.5,
								0.7919799498746867,
								0.7786666666666666,
								0.5,
								0.9973333333333333,
								0.21303258145363407,
								0.772,
								0.07894736842105263,
								0.5
							]
						},
						"useCollisionPoly": true,
						"duration": 1
					}
				],
				"sid": 206207044726741,
				"name": "Burning",
				"isLooping": false,
				"isPingPong": false,
				"repeatCount": 1,
				"repeatTo": 0,
				"speed": 5
			},
			{
				"frames": [
					{
						"width": 798,
						"height": 750,
						"originX": 0.5,
						"originY": 0.5,
						"originalSource": "",
						"exportFormat": "png",
						"exportQuality": 0.8,
						"imageSpriteId": 3360291,
						"collisionPoly": {
							"points": [
								0.08897243107769423,
								0.09466666666666666,
								0.5,
								0,
								0.9260651629072681,
								0.07733333333333334,
								0.9260651629072681,
								0.5,
								0.7919799498746867,
								0.7786666666666666,
								0.5,
								0.9973333333333333,
								0.21303258145363407,
								0.772,
								0.07894736842105263,
								0.5
							]
						},
						"useCollisionPoly": true,
						"duration": 1
					}
				],
				"sid": 392983323743200,
				"name": "Frozen",
				"isLooping": false,
				"isPingPong": false,
				"repeatCount": 1,
				"repeatTo": 0,
				"speed": 5
			},
			{
				"frames": [
					{
						"width": 798,
						"height": 750,
						"originX": 0.5,
						"originY": 0.5,
						"originalSource": "",
						"exportFormat": "png",
						"exportQuality": 0.8,
						"imageSpriteId": 7603205,
						"collisionPoly": {
							"points": [
								0.08897243107769423,
								0.09466666666666666,
								0.5,
								0,
								0.9373433583959899,
								0.06533333333333333,
								0.9260651629072681,
								0.5,
								0.8308270676691729,
								0.82,
								0.5,
								0.9973333333333333,
								0.19298245614035087,
								0.7933333333333333,
								0.07894736842105263,
								0.5
							]
						},
						"useCollisionPoly": true,
						"duration": 1
					},
					{
						"width": 798,
						"height": 750,
						"originX": 0.5,
						"originY": 0.5,
						"originalSource": "",
						"exportFormat": "png",
						"exportQuality": 0.8,
						"imageSpriteId": 9062889,
						"collisionPoly": {
							"points": [
								0.08897243107769423,
								0.09466666666666666,
								0.5,
								0,
								0.9373433583959899,
								0.06533333333333333,
								0.9260651629072681,
								0.5,
								0.8308270676691729,
								0.82,
								0.5,
								0.9973333333333333,
								0.19298245614035087,
								0.7933333333333333,
								0.07894736842105263,
								0.5
							]
						},
						"useCollisionPoly": true,
						"duration": 1
					}
				],
				"sid": 193561887015468,
				"name": "Paralyzed",
				"isLooping": true,
				"isPingPong": false,
				"repeatCount": 1,
				"repeatTo": 0,
				"speed": 5
			}
		],
		"subfolders": []
	}
}