{
	"name": "Spikes",
	"plugin-id": "Sprite",
	"sid": 740173273066720,
	"isGlobal": false,
	"instanceVariables": [],
	"behaviorTypes": [],
	"effectTypes": [],
	"animations": {
		"items": [
			{
				"frames": [
					{
						"width": 13,
						"height": 12,
						"originX": 0.5,
						"originY": 0.5,
						"originalSource": "",
						"exportFormat": "png",
						"exportQuality": 0.8,
						"imageSpriteId": 5163293,
						"collisionPoly": {
							"points": [
								0.15384615384615385,
								0.16666666666666666,
								0.5,
								0,
								0.9230769230769231,
								0.5,
								0.23076923076923078,
								0.16666666666666666,
								0.5,
								0.9166666666666666,
								0.6923076923076923,
								0.5
							]
						},
						"useCollisionPoly": true,
						"duration": 1
					},
					{
						"width": 13,
						"height": 12,
						"originX": 0.5,
						"originY": 0.5,
						"originalSource": "",
						"exportFormat": "png",
						"exportQuality": 0.8,
						"imageSpriteId": 4705729,
						"collisionPoly": {
							"points": [
								0.15384615384615385,
								0.16666666666666666,
								0.5,
								0,
								0.9230769230769231,
								0.5,
								0.23076923076923078,
								0.16666666666666666,
								0.5,
								0.9166666666666666,
								0.6923076923076923,
								0.5
							]
						},
						"useCollisionPoly": true,
						"duration": 1
					},
					{
						"width": 13,
						"height": 12,
						"originX": 0.5,
						"originY": 0.5,
						"originalSource": "",
						"exportFormat": "png",
						"exportQuality": 0.8,
						"imageSpriteId": 1851212,
						"collisionPoly": {
							"points": [
								0.15384615384615385,
								0.16666666666666666,
								0.5,
								0,
								0.9230769230769231,
								0.5,
								0.23076923076923078,
								0.16666666666666666,
								0.5,
								0.9166666666666666,
								0.6923076923076923,
								0.5
							]
						},
						"useCollisionPoly": true,
						"duration": 1
					},
					{
						"width": 13,
						"height": 13,
						"originX": 0.5,
						"originY": 0.5,
						"originalSource": "",
						"exportFormat": "png",
						"exportQuality": 0.8,
						"imageSpriteId": 535247,
						"collisionPoly": {
							"points": [
								0.23076923076923078,
								0.23076923076923078,
								0.5,
								0.07692307692307693,
								0.7692307692307693,
								0.5,
								0.23076923076923078,
								0.23076923076923078,
								0.5,
								0.9230769230769231,
								0.7692307692307693,
								0.5
							]
						},
						"useCollisionPoly": true,
						"duration": 1
					},
					{
						"width": 13,
						"height": 14,
						"originX": 0.5,
						"originY": 0.5,
						"originalSource": "",
						"exportFormat": "png",
						"exportQuality": 0.8,
						"imageSpriteId": 7394800,
						"collisionPoly": {
							"points": [
								0.7651098691500148,
								0.7117348009226268,
								0.9247938381446601,
								0.71524243452111,
								0.925137483156646,
								0.4266582119221587,
								0.8434065619667821,
								0.3533163459933531,
								0.692994322095599,
								0.28890306122448955,
								0.6964284037495717,
								0,
								0.5398350809956651,
								0,
								0.23489014132992214,
								0.14477038870052442,
								0.1538461486061846,
								0.0679209110688194,
								0.07417586609557378,
								0.06632653061224536,
								0.07692301404345184,
								0.4234693780237313,
								0.23076925172910598,
								0.4272959280987181,
								0.30425824175824207,
								0.6409438240284826,
								0.3049449920654297,
								1,
								0.46428575620546236,
								1,
								0.46085159595195824,
								0.7142857872709935
							]
						},
						"useCollisionPoly": true,
						"duration": 1
					}
				],
				"sid": 758649850692450,
				"name": "On",
				"isLooping": true,
				"isPingPong": true,
				"repeatCount": 1,
				"repeatTo": 0,
				"speed": 5
			},
			{
				"frames": [
					{
						"width": 13,
						"height": 12,
						"originX": 0.5,
						"originY": 0.5,
						"originalSource": "",
						"exportFormat": "png",
						"exportQuality": 0.8,
						"imageSpriteId": 9755269,
						"collisionPoly": {
							"points": [
								0.15384615384615385,
								0.16666666666666666,
								0.5,
								0,
								0.9230769230769231,
								0.5,
								0.23076923076923078,
								0.16666666666666666,
								0.5,
								0.9166666666666666,
								0.6923076923076923,
								0.5
							]
						},
						"useCollisionPoly": true,
						"duration": 1
					},
					{
						"width": 13,
						"height": 12,
						"originX": 0.5,
						"originY": 0.5,
						"originalSource": "",
						"exportFormat": "png",
						"exportQuality": 0.8,
						"imageSpriteId": 5273699,
						"collisionPoly": {
							"points": [
								0.15384615384615385,
								0.16666666666666666,
								0.5,
								0,
								0.9230769230769231,
								0.5,
								0.23076923076923078,
								0.16666666666666666,
								0.5,
								0.9166666666666666,
								0.6923076923076923,
								0.5
							]
						},
						"useCollisionPoly": true,
						"duration": 1
					},
					{
						"width": 13,
						"height": 12,
						"originX": 0.5,
						"originY": 0.5,
						"originalSource": "",
						"exportFormat": "png",
						"exportQuality": 0.8,
						"imageSpriteId": 4879961,
						"collisionPoly": {
							"points": [
								0.15384615384615385,
								0.16666666666666666,
								0.5,
								0,
								0.9230769230769231,
								0.5,
								0.23076923076923078,
								0.16666666666666666,
								0.5,
								0.9166666666666666,
								0.6923076923076923,
								0.5
							]
						},
						"useCollisionPoly": true,
						"duration": 1
					},
					{
						"width": 13,
						"height": 13,
						"originX": 0.5,
						"originY": 0.5,
						"originalSource": "",
						"exportFormat": "png",
						"exportQuality": 0.8,
						"imageSpriteId": 9455627,
						"collisionPoly": {
							"points": [
								0.23076923076923078,
								0.23076923076923078,
								0.5,
								0.07692307692307693,
								0.7692307692307693,
								0.5,
								0.23076923076923078,
								0.23076923076923078,
								0.5,
								0.9230769230769231,
								0.7692307692307693,
								0.5
							]
						},
						"useCollisionPoly": true,
						"duration": 1
					},
					{
						"width": 13,
						"height": 14,
						"originX": 0.5,
						"originY": 0.5,
						"originalSource": "",
						"exportFormat": "png",
						"exportQuality": 0.8,
						"imageSpriteId": 3476704,
						"collisionPoly": {
							"points": [
								0.7651098691500148,
								0.7117348009226268,
								0.9247938381446601,
								0.71524243452111,
								0.925137483156646,
								0.4266582119221587,
								0.8434065619667821,
								0.3533163459933531,
								0.692994322095599,
								0.28890306122448955,
								0.6964284037495717,
								0,
								0.5398350809956651,
								0,
								0.23489014132992214,
								0.14477038870052442,
								0.1538461486061846,
								0.0679209110688194,
								0.07417586609557378,
								0.06632653061224536,
								0.07692301404345184,
								0.4234693780237313,
								0.23076925172910598,
								0.4272959280987181,
								0.30425824175824207,
								0.6409438240284826,
								0.3049449920654297,
								1,
								0.46428575620546236,
								1,
								0.46085159595195824,
								0.7142857872709935
							]
						},
						"useCollisionPoly": true,
						"duration": 1
					}
				],
				"sid": 966568554002910,
				"name": "Frozen",
				"isLooping": true,
				"isPingPong": true,
				"repeatCount": 1,
				"repeatTo": 0,
				"speed": 5
			}
		],
		"subfolders": []
	}
}