{
	"name": "UI_Arrow",
	"plugin-id": "Sprite",
	"sid": 515112548672229,
	"isGlobal": false,
	"instanceVariables": [],
	"behaviorTypes": [],
	"effectTypes": [],
	"animations": {
		"items": [
			{
				"frames": [
					{
						"width": 346,
						"height": 73,
						"originX": 0.4060693641618497,
						"originY": 0.5,
						"originalSource": "",
						"exportFormat": "png",
						"exportQuality": 0.8,
						"imageSpriteId": 5682050,
						"collisionPoly": {
							"points": [
								0,
								0.1643835616438356,
								0.4060693641618497,
								0.3150684931506849,
								0.930635838150289,
								0.3150684931506849,
								0.9942196531791907,
								0.5,
								0.930635838150289,
								0.6712328767123288,
								0.4060693641618497,
								0.6712328767123288,
								0,
								0.821917808219178,
								0,
								0.5
							]
						},
						"useCollisionPoly": true,
						"duration": 1
					}
				],
				"sid": 415499687789691,
				"name": "Animation 1",
				"isLooping": false,
				"isPingPong": false,
				"repeatCount": 1,
				"repeatTo": 0,
				"speed": 5
			}
		],
		"subfolders": []
	}
}