{
	"name": "ZapRadius",
	"plugin-id": "Sprite",
	"sid": 920887379983075,
	"isGlobal": false,
	"instanceVariables": [],
	"behaviorTypes": [],
	"effectTypes": [],
	"animations": {
		"items": [
			{
				"frames": [
					{
						"width": 96,
						"height": 96,
						"originX": 0.5,
						"originY": 0.5,
						"originalSource": "",
						"exportFormat": "png",
						"exportQuality": 0.8,
						"imageSpriteId": 8302592,
						"collisionPoly": {
							"points": [
								0.03125,
								0.03125,
								0.5,
								0,
								0.9270833333333334,
								0.0625,
								0.9895833333333334,
								0.5,
								0.84375,
								0.84375,
								0.5,
								0.9895833333333334,
								0.14583333333333334,
								0.84375,
								0,
								0.5
							]
						},
						"useCollisionPoly": true,
						"duration": 1
					}
				],
				"sid": 786521268415695,
				"name": "Animation 1",
				"isLooping": false,
				"isPingPong": false,
				"repeatCount": 1,
				"repeatTo": 0,
				"speed": 5
			}
		],
		"subfolders": []
	}
}