{
	"name": "AcidFlask",
	"plugin-id": "Sprite",
	"sid": 605943265337418,
	"isGlobal": false,
	"instanceVariables": [],
	"behaviorTypes": [
		{
			"behaviorId": "MoveTo",
			"name": "MoveTo",
			"sid": 963186942284024
		}
	],
	"effectTypes": [],
	"animations": {
		"items": [
			{
				"frames": [
					{
						"width": 17,
						"height": 18,
						"originX": 0.47058823529411764,
						"originY": 0.5,
						"originalSource": "",
						"exportFormat": "png",
						"exportQuality": 0.8,
						"imageSpriteId": 7268734,
						"collisionPoly": {
							"points": [
								0,
								0.05555555555555555,
								0.9411764705882353,
								0.05555555555555555,
								0.9411764705882353,
								0.9444444444444444,
								0,
								0.9444444444444444
							]
						},
						"useCollisionPoly": true,
						"duration": 1
					}
				],
				"sid": 652403558699950,
				"name": "0",
				"isLooping": false,
				"isPingPong": false,
				"repeatCount": 1,
				"repeatTo": 0,
				"speed": 5
			},
			{
				"frames": [
					{
						"width": 17,
						"height": 18,
						"originX": 0.47058823529411764,
						"originY": 0.5,
						"originalSource": "",
						"exportFormat": "png",
						"exportQuality": 0.8,
						"imageSpriteId": 1603533,
						"collisionPoly": {
							"points": [
								0,
								0.05555555555555555,
								0.9411764705882353,
								0.05555555555555555,
								0.9411764705882353,
								0.9444444444444444,
								0,
								0.9444444444444444
							]
						},
						"useCollisionPoly": true,
						"duration": 1
					}
				],
				"sid": 865964547397841,
				"name": "1",
				"isLooping": false,
				"isPingPong": false,
				"repeatCount": 1,
				"repeatTo": 0,
				"speed": 5
			},
			{
				"frames": [
					{
						"width": 17,
						"height": 18,
						"originX": 0.47058823529411764,
						"originY": 0.5,
						"originalSource": "",
						"exportFormat": "png",
						"exportQuality": 0.8,
						"imageSpriteId": 747865,
						"collisionPoly": {
							"points": [
								0,
								0.05555555555555555,
								0.9411764705882353,
								0.05555555555555555,
								0.9411764705882353,
								0.9444444444444444,
								0,
								0.9444444444444444
							]
						},
						"useCollisionPoly": true,
						"duration": 1
					}
				],
				"sid": 863146202970308,
				"name": "2",
				"isLooping": false,
				"isPingPong": false,
				"repeatCount": 1,
				"repeatTo": 0,
				"speed": 5
			}
		],
		"subfolders": []
	}
}