{
	"name": "Arena1_SeatsConnector",
	"plugin-id": "Sprite",
	"sid": 881612923877187,
	"isGlobal": false,
	"instanceVariables": [],
	"behaviorTypes": [],
	"effectTypes": [],
	"animations": {
		"items": [
			{
				"frames": [
					{
						"width": 16,
						"height": 16,
						"originX": 0.5,
						"originY": 0.5,
						"originalSource": "",
						"exportFormat": "png",
						"exportQuality": 0.8,
						"imageSpriteId": 1259850,
						"collisionPoly": {
							"points": [
								0,
								0,
								0.5,
								0,
								0.9375,
								0,
								0.9375,
								0.5,
								0.9375,
								0.9375,
								0.5,
								0.9375,
								0,
								0.9375,
								0,
								0.5
							]
						},
						"useCollisionPoly": true,
						"duration": 1
					}
				],
				"sid": 523221723165952,
				"name": "Animation 1",
				"isLooping": false,
				"isPingPong": false,
				"repeatCount": 1,
				"repeatTo": 0,
				"speed": 5
			}
		],
		"subfolders": []
	}
}