{
	"name": "Arena1_Decor1",
	"plugin-id": "Sprite",
	"sid": 439886864484306,
	"isGlobal": false,
	"instanceVariables": [],
	"behaviorTypes": [],
	"effectTypes": [],
	"animations": {
		"items": [
			{
				"frames": [
					{
						"width": 21,
						"height": 16,
						"originX": 0.5,
						"originY": 0.5,
						"originalSource": "",
						"exportFormat": "png",
						"exportQuality": 0.8,
						"imageSpriteId": 3716414,
						"collisionPoly": {
							"points": [
								0.14285714285714285,
								0.1875,
								0.5,
								0,
								0.8095238095238095,
								0.1875,
								0.7619047619047619,
								0.5,
								0.8571428571428571,
								0.8125,
								0.5,
								0.9375,
								0.09523809523809523,
								0.8125,
								0.2857142857142857,
								0.5
							]
						},
						"useCollisionPoly": true,
						"duration": 1
					}
				],
				"sid": 213129786289993,
				"name": "Animation 1",
				"isLooping": false,
				"isPingPong": false,
				"repeatCount": 1,
				"repeatTo": 0,
				"speed": 5
			}
		],
		"subfolders": []
	}
}