{
	"name": "Arrow",
	"plugin-id": "Sprite",
	"sid": 445036625508531,
	"isGlobal": false,
	"instanceVariables": [
		{
			"name": "AttackPower",
			"type": "number",
			"desc": "",
			"sid": 415814055653546
		},
		{
			"name": "EnemiesItCanHit",
			"type": "number",
			"desc": "",
			"sid": 248850810105683
		},
		{
			"name": "ChargedAttackPower",
			"type": "number",
			"desc": "",
			"sid": 309921540038658
		}
	],
	"behaviorTypes": [
		{
			"behaviorId": "Bullet",
			"name": "Bullet",
			"sid": 284986792267009
		}
	],
	"effectTypes": [],
	"animations": {
		"items": [
			{
				"frames": [
					{
						"width": 743,
						"height": 161,
						"originX": 0,
						"originY": 0.5,
						"originalSource": "",
						"exportFormat": "png",
						"exportQuality": 0.8,
						"imageSpriteId": 2695289,
						"collisionPoly": {
							"points": [
								0.7577388867394913,
								0.05590062333930353,
								0.7550470637333863,
								0.8761217636433648,
								0.16554519263764644,
								0.8636992512611515,
								0.15477790061322474,
								0.14251200492995483
							]
						},
						"useCollisionPoly": true,
						"duration": 1
					}
				],
				"sid": 333677999821381,
				"name": "Normal",
				"isLooping": false,
				"isPingPong": false,
				"repeatCount": 1,
				"repeatTo": 0,
				"speed": 5
			},
			{
				"frames": [
					{
						"width": 743,
						"height": 161,
						"originX": 0.5555555555555556,
						"originY": 0.5,
						"originalSource": "",
						"exportFormat": "png",
						"exportQuality": 0.8,
						"imageSpriteId": 2764985,
						"collisionPoly": {
							"points": [
								1,
								0.05555555555555555,
								1,
								0.9444444444444444,
								0,
								0.9444444444444444,
								0,
								0.05555555555555555
							]
						},
						"useCollisionPoly": true,
						"duration": 1
					}
				],
				"sid": 703987790848779,
				"name": "Fire",
				"isLooping": false,
				"isPingPong": false,
				"repeatCount": 1,
				"repeatTo": 0,
				"speed": 5
			},
			{
				"frames": [
					{
						"width": 743,
						"height": 161,
						"originX": 0.5555555555555556,
						"originY": 0.5,
						"originalSource": "",
						"exportFormat": "png",
						"exportQuality": 0.8,
						"imageSpriteId": 4931329,
						"collisionPoly": {
							"points": [
								1,
								0.05555555555555555,
								1,
								0.9444444444444444,
								0,
								0.9444444444444444,
								0,
								0.05555555555555555
							]
						},
						"useCollisionPoly": true,
						"duration": 1
					}
				],
				"sid": 939215929431969,
				"name": "Ice",
				"isLooping": false,
				"isPingPong": false,
				"repeatCount": 1,
				"repeatTo": 0,
				"speed": 5
			},
			{
				"frames": [
					{
						"width": 743,
						"height": 161,
						"originX": 0.5555555555555556,
						"originY": 0.5,
						"originalSource": "",
						"exportFormat": "png",
						"exportQuality": 0.8,
						"imageSpriteId": 1211295,
						"collisionPoly": {
							"points": [
								1,
								0.05555555555555555,
								1,
								0.9444444444444444,
								0,
								0.9444444444444444,
								0,
								0.05555555555555555
							]
						},
						"useCollisionPoly": true,
						"duration": 1
					}
				],
				"sid": 119818133350235,
				"name": "Electric",
				"isLooping": false,
				"isPingPong": false,
				"repeatCount": 1,
				"repeatTo": 0,
				"speed": 5
			}
		],
		"subfolders": []
	}
}