{
	"name": "Banner2",
	"plugin-id": "Sprite",
	"sid": 932896441553189,
	"isGlobal": false,
	"instanceVariables": [],
	"behaviorTypes": [],
	"effectTypes": [],
	"animations": {
		"items": [
			{
				"frames": [
					{
						"width": 10,
						"height": 18,
						"originX": 0.5,
						"originY": 0.5,
						"originalSource": "",
						"exportFormat": "png",
						"exportQuality": 0.8,
						"imageSpriteId": 8859391,
						"collisionPoly": {
							"points": [
								0,
								0,
								0.5,
								0,
								0.9,
								0,
								0.7,
								0.5,
								0.7,
								0.8333333333333334,
								0.5,
								0.9444444444444444,
								0.2,
								0.8333333333333334,
								0.2,
								0.5
							]
						},
						"useCollisionPoly": true,
						"duration": 1
					}
				],
				"sid": 443570044600018,
				"name": "Animation 1",
				"isLooping": false,
				"isPingPong": false,
				"repeatCount": 1,
				"repeatTo": 0,
				"speed": 5
			}
		],
		"subfolders": []
	}
}