{
	"name": "Bob",
	"plugin-id": "Sprite",
	"sid": 103772390127765,
	"isGlobal": false,
	"instanceVariables": [
		{
			"name": "TravelOrder",
			"type": "number",
			"desc": "",
			"sid": 374118183444946
		},
		{
			"name": "MaxHealth",
			"type": "number",
			"desc": "",
			"sid": 244167836869007
		}
	],
	"behaviorTypes": [],
	"effectTypes": [],
	"animations": {
		"items": [
			{
				"frames": [
					{
						"width": 789,
						"height": 961,
						"originX": 0.5,
						"originY": 0.5,
						"originalSource": "",
						"exportFormat": "png",
						"exportQuality": 0.8,
						"imageSpriteId": 7046514,
						"collisionPoly": {
							"points": [
								0.19138149556400508,
								0.1571279916753382,
								0.5,
								0,
								0.8086185044359949,
								0.15608740894901144,
								0.9898605830164765,
								0.5,
								0.8453738910012675,
								0.8730489073881373,
								0.5,
								0.9854318418314256,
								0.15462610899873258,
								0.8720083246618107,
								0.011406844106463879,
								0.5
							]
						},
						"useCollisionPoly": true,
						"duration": 1
					},
					{
						"width": 789,
						"height": 961,
						"originX": 0.5,
						"originY": 0.5,
						"originalSource": "",
						"exportFormat": "png",
						"exportQuality": 0.8,
						"imageSpriteId": 9989180,
						"collisionPoly": {
							"points": [
								0.19138149556400508,
								0.1571279916753382,
								0.5,
								0,
								0.8086185044359949,
								0.15608740894901144,
								0.9898605830164765,
								0.5,
								0.8453738910012675,
								0.8730489073881373,
								0.5,
								0.9854318418314256,
								0.15462610899873258,
								0.8720083246618107,
								0.011406844106463879,
								0.5
							]
						},
						"useCollisionPoly": true,
						"duration": 1
					}
				],
				"sid": 887254248027635,
				"name": "Normal",
				"isLooping": false,
				"isPingPong": false,
				"repeatCount": 1,
				"repeatTo": 0,
				"speed": 0
			},
			{
				"frames": [
					{
						"width": 789,
						"height": 961,
						"originX": 0.5,
						"originY": 0.5,
						"originalSource": "",
						"exportFormat": "png",
						"exportQuality": 0.8,
						"imageSpriteId": 1136138,
						"useCollisionPoly": true,
						"duration": 1
					}
				],
				"sid": 737736592643885,
				"name": "Burning",
				"isLooping": false,
				"isPingPong": false,
				"repeatCount": 1,
				"repeatTo": 0,
				"speed": 5
			},
			{
				"frames": [
					{
						"width": 789,
						"height": 961,
						"originX": 0.5,
						"originY": 0.5,
						"originalSource": "",
						"exportFormat": "png",
						"exportQuality": 0.8,
						"imageSpriteId": 4288101,
						"useCollisionPoly": true,
						"duration": 1
					}
				],
				"sid": 510414642045316,
				"name": "Frozen",
				"isLooping": false,
				"isPingPong": false,
				"repeatCount": 1,
				"repeatTo": 0,
				"speed": 5
			},
			{
				"frames": [
					{
						"width": 789,
						"height": 961,
						"originX": 0.5,
						"originY": 0.5,
						"originalSource": "",
						"exportFormat": "png",
						"exportQuality": 0.8,
						"imageSpriteId": 6776282,
						"useCollisionPoly": true,
						"duration": 1
					}
				],
				"sid": 959941392941263,
				"name": "Paralyzed",
				"isLooping": false,
				"isPingPong": false,
				"repeatCount": 1,
				"repeatTo": 0,
				"speed": 5
			}
		],
		"subfolders": []
	}
}