{
	"name": "DashPaths",
	"plugin-id": "Sprite",
	"sid": 520568522165314,
	"isGlobal": false,
	"instanceVariables": [],
	"behaviorTypes": [],
	"effectTypes": [],
	"animations": {
		"items": [
			{
				"frames": [
					{
						"width": 28,
						"height": 28,
						"originX": 0.5,
						"originY": 0.5,
						"originalSource": "",
						"exportFormat": "png",
						"exportQuality": 0.8,
						"imageSpriteId": 1124180,
						"useCollisionPoly": true,
						"duration": 1
					}
				],
				"sid": 308961633423191,
				"name": "Electric",
				"isLooping": false,
				"isPingPong": false,
				"repeatCount": 1,
				"repeatTo": 0,
				"speed": 5
			},
			{
				"frames": [
					{
						"width": 28,
						"height": 28,
						"originX": 0.5,
						"originY": 0.5,
						"originalSource": "",
						"exportFormat": "png",
						"exportQuality": 0.8,
						"imageSpriteId": 6616332,
						"useCollisionPoly": true,
						"duration": 1
					}
				],
				"sid": 226353540883480,
				"name": "Ice",
				"isLooping": false,
				"isPingPong": false,
				"repeatCount": 1,
				"repeatTo": 0,
				"speed": 5
			},
			{
				"frames": [
					{
						"width": 28,
						"height": 28,
						"originX": 0.5,
						"originY": 0.5,
						"originalSource": "",
						"exportFormat": "png",
						"exportQuality": 0.8,
						"imageSpriteId": 4464267,
						"useCollisionPoly": true,
						"duration": 1
					}
				],
				"sid": 830562098544998,
				"name": "Fire",
				"isLooping": false,
				"isPingPong": false,
				"repeatCount": 1,
				"repeatTo": 0,
				"speed": 5
			}
		],
		"subfolders": []
	}
}