{
	"name": "DoorWalls",
	"plugin-id": "Sprite",
	"sid": 149649231730935,
	"isGlobal": false,
	"instanceVariables": [],
	"behaviorTypes": [
		{
			"behaviorId": "solid",
			"name": "Solid",
			"sid": 576737260669728
		}
	],
	"effectTypes": [],
	"animations": {
		"items": [
			{
				"frames": [
					{
						"width": 4,
						"height": 112,
						"originX": 0.5,
						"originY": 0.524390243902439,
						"originalSource": "",
						"exportFormat": "png",
						"exportQuality": 0.8,
						"imageSpriteId": 9484046,
						"useCollisionPoly": true,
						"duration": 1
					}
				],
				"sid": 960343800425060,
				"name": "7 Bars",
				"isLooping": false,
				"isPingPong": false,
				"repeatCount": 1,
				"repeatTo": 0,
				"speed": 5
			}
		],
		"subfolders": []
	}
}