{
	"name": "ElementCards",
	"plugin-id": "Sprite",
	"sid": 976349804593617,
	"isGlobal": false,
	"instanceVariables": [],
	"behaviorTypes": [],
	"effectTypes": [],
	"animations": {
		"items": [
			{
				"frames": [
					{
						"width": 752,
						"height": 858,
						"originX": 0.5,
						"originY": 0.5,
						"originalSource": "",
						"exportFormat": "png",
						"exportQuality": 0.8,
						"imageSpriteId": 8303907,
						"collisionPoly": {
							"points": [
								0.029411764705882353,
								0.02,
								0.9705882352941176,
								0.02,
								0.9705882352941176,
								0.98,
								0.029411764705882353,
								0.98
							]
						},
						"useCollisionPoly": true,
						"duration": 1
					}
				],
				"sid": 116473983333524,
				"name": "Fire",
				"isLooping": false,
				"isPingPong": false,
				"repeatCount": 1,
				"repeatTo": 0,
				"speed": 5
			},
			{
				"frames": [
					{
						"width": 752,
						"height": 858,
						"originX": 0.5,
						"originY": 0.5,
						"originalSource": "",
						"exportFormat": "png",
						"exportQuality": 0.8,
						"imageSpriteId": 3645047,
						"useCollisionPoly": true,
						"duration": 1
					}
				],
				"sid": 198671626267559,
				"name": "Ice",
				"isLooping": false,
				"isPingPong": false,
				"repeatCount": 1,
				"repeatTo": 0,
				"speed": 5
			},
			{
				"frames": [
					{
						"width": 752,
						"height": 858,
						"originX": 0.5,
						"originY": 0.5,
						"originalSource": "",
						"exportFormat": "png",
						"exportQuality": 0.8,
						"imageSpriteId": 9307305,
						"useCollisionPoly": true,
						"duration": 1
					}
				],
				"sid": 882759943763799,
				"name": "Electric",
				"isLooping": false,
				"isPingPong": false,
				"repeatCount": 1,
				"repeatTo": 0,
				"speed": 5
			}
		],
		"subfolders": []
	}
}