{
	"name": "HP_UI",
	"plugin-id": "Sprite",
	"sid": 992476025721606,
	"isGlobal": false,
	"instanceVariables": [],
	"behaviorTypes": [
		{
			"behaviorId": "Anchor",
			"name": "Anchor",
			"sid": 300819611391993
		}
	],
	"effectTypes": [],
	"animations": {
		"items": [
			{
				"frames": [
					{
						"width": 1191,
						"height": 380,
						"originX": 0.5,
						"originY": 0.5,
						"originalSource": "",
						"exportFormat": "png",
						"exportQuality": 0.8,
						"imageSpriteId": 1633124,
						"useCollisionPoly": true,
						"duration": 1
					},
					{
						"width": 1191,
						"height": 380,
						"originX": 0.5,
						"originY": 0.5,
						"originalSource": "",
						"exportFormat": "png",
						"exportQuality": 0.8,
						"imageSpriteId": 849151,
						"collisionPoly": {
							"points": [
								0.1385390428211587,
								0.4342105263157895,
								0.5,
								0.3105263157894737,
								0.9378673383711167,
								0.19210526315789472,
								0.9554995801847187,
								0.5,
								0.9168765743073047,
								0.7394736842105263,
								0.5,
								0.7473684210526316,
								0.07472712006717044,
								0.7631578947368421,
								0.03610411418975651,
								0.5
							]
						},
						"useCollisionPoly": true,
						"duration": 1
					}
				],
				"sid": 132211498170587,
				"name": "Animation 1",
				"isLooping": false,
				"isPingPong": false,
				"repeatCount": 1,
				"repeatTo": 0,
				"speed": 0
			}
		],
		"subfolders": []
	}
}