{
	"name": "Level2_LeftFill",
	"plugin-id": "Sprite",
	"sid": 645821581687266,
	"isGlobal": false,
	"instanceVariables": [],
	"behaviorTypes": [],
	"effectTypes": [],
	"animations": {
		"items": [
			{
				"frames": [
					{
						"width": 16,
						"height": 16,
						"originX": 0.5,
						"originY": 0.5,
						"originalSource": "",
						"exportFormat": "png",
						"exportQuality": 0.8,
						"imageSpriteId": 7673834,
						"collisionPoly": {
							"points": [
								1,
								1,
								0.5,
								1,
								0.0625,
								1,
								0.0625,
								0.5,
								0.0625,
								0.0625,
								0.5,
								0.0625,
								1,
								0.0625,
								1,
								0.5
							]
						},
						"useCollisionPoly": true,
						"duration": 1
					}
				],
				"sid": 732695793045596,
				"name": "Animation 1",
				"isLooping": false,
				"isPingPong": false,
				"repeatCount": 1,
				"repeatTo": 0,
				"speed": 5
			}
		],
		"subfolders": []
	}
}