{
	"name": "Level2_Border",
	"plugin-id": "Sprite",
	"sid": 700909490383700,
	"isGlobal": false,
	"instanceVariables": [],
	"behaviorTypes": [
		{
			"behaviorId": "solid",
			"name": "Solid",
			"sid": 588811991185654
		}
	],
	"effectTypes": [],
	"animations": {
		"items": [
			{
				"frames": [
					{
						"width": 4,
						"height": 16,
						"originX": 0.5,
						"originY": 0.5,
						"originalSource": "",
						"exportFormat": "png",
						"exportQuality": 0.8,
						"imageSpriteId": 5555103,
						"collisionPoly": {
							"points": [
								0,
								0,
								0.5,
								0,
								0.75,
								0,
								0.75,
								0.5,
								0.75,
								0.9375,
								0.5,
								0.9375,
								0,
								0.9375,
								0,
								0.5
							]
						},
						"useCollisionPoly": true,
						"duration": 1
					}
				],
				"sid": 522724507051691,
				"name": "Animation 1",
				"isLooping": false,
				"isPingPong": false,
				"repeatCount": 1,
				"repeatTo": 0,
				"speed": 5
			}
		],
		"subfolders": []
	}
}