{
	"name": "OrcBoss",
	"plugin-id": "Sprite",
	"sid": 199827247396550,
	"isGlobal": false,
	"instanceVariables": [
		{
			"name": "TravelOrder",
			"type": "number",
			"desc": "",
			"sid": 499456015396227
		},
		{
			"name": "MaxHealth",
			"type": "number",
			"desc": "",
			"sid": 337118797249063
		}
	],
	"behaviorTypes": [],
	"effectTypes": [],
	"animations": {
		"items": [
			{
				"frames": [
					{
						"width": 1837,
						"height": 2155,
						"originX": 0.5,
						"originY": 0.5,
						"originalSource": "",
						"exportFormat": "png",
						"exportQuality": 0.8,
						"imageSpriteId": 9850186,
						"collisionPoly": {
							"points": [
								0.1491562329885683,
								0.1271461716937355,
								0.5,
								0,
								0.8508437670114317,
								0.12668213457076566,
								0.9118127381600436,
								0.5,
								0.758845944474687,
								0.794431554524362,
								0.4814914552729742,
								0.8167053751418151,
								0.2406096897114861,
								0.794431554524362,
								0.08709853021230267,
								0.5
							]
						},
						"useCollisionPoly": true,
						"duration": 1
					},
					{
						"width": 1837,
						"height": 2155,
						"originX": 0.5,
						"originY": 0.5,
						"originalSource": "",
						"exportFormat": "png",
						"exportQuality": 0.8,
						"imageSpriteId": 9084612,
						"collisionPoly": {
							"points": [
								0.1491562329885683,
								0.1271461716937355,
								0.5,
								0,
								0.8508437670114317,
								0.12668213457076566,
								0.9118127381600436,
								0.5,
								0.758845944474687,
								0.794431554524362,
								0.4814914552729742,
								0.8167053751418151,
								0.2406096897114861,
								0.794431554524362,
								0.08709853021230267,
								0.5
							]
						},
						"useCollisionPoly": true,
						"duration": 1
					}
				],
				"sid": 448189510165922,
				"name": "Normal",
				"isLooping": false,
				"isPingPong": false,
				"repeatCount": 1,
				"repeatTo": 0,
				"speed": 0
			},
			{
				"frames": [
					{
						"width": 1837,
						"height": 2155,
						"originX": 0.5,
						"originY": 0.5,
						"originalSource": "",
						"exportFormat": "png",
						"exportQuality": 0.8,
						"imageSpriteId": 6124666,
						"useCollisionPoly": true,
						"duration": 1
					}
				],
				"sid": 767128978470033,
				"name": "Burning",
				"isLooping": false,
				"isPingPong": false,
				"repeatCount": 1,
				"repeatTo": 0,
				"speed": 5
			},
			{
				"frames": [
					{
						"width": 1837,
						"height": 2155,
						"originX": 0.5,
						"originY": 0.5,
						"originalSource": "",
						"exportFormat": "png",
						"exportQuality": 0.8,
						"imageSpriteId": 7820551,
						"useCollisionPoly": true,
						"duration": 1
					}
				],
				"sid": 378874385685065,
				"name": "Frozen",
				"isLooping": false,
				"isPingPong": false,
				"repeatCount": 1,
				"repeatTo": 0,
				"speed": 5
			},
			{
				"frames": [
					{
						"width": 1837,
						"height": 2155,
						"originX": 0.5,
						"originY": 0.5,
						"originalSource": "",
						"exportFormat": "png",
						"exportQuality": 0.8,
						"imageSpriteId": 8929769,
						"useCollisionPoly": true,
						"duration": 1
					}
				],
				"sid": 734454437162149,
				"name": "Paralyzed",
				"isLooping": false,
				"isPingPong": false,
				"repeatCount": 1,
				"repeatTo": 0,
				"speed": 5
			}
		],
		"subfolders": []
	}
}