{
	"name": "Pipe",
	"plugin-id": "Sprite",
	"sid": 281482085542990,
	"isGlobal": false,
	"instanceVariables": [],
	"behaviorTypes": [],
	"effectTypes": [],
	"animations": {
		"items": [
			{
				"frames": [
					{
						"width": 13,
						"height": 25,
						"originX": 0.5,
						"originY": 0.5,
						"originalSource": "",
						"exportFormat": "png",
						"exportQuality": 0.8,
						"imageSpriteId": 2746252,
						"collisionPoly": {
							"points": [
								0.15384615384615385,
								0.08,
								0.5,
								0,
								0.7692307692307693,
								0.08,
								0.8461538461538461,
								0.5,
								0.6923076923076923,
								0.84,
								0.5,
								0.96,
								0.23076923076923078,
								0.84,
								0.07692307692307693,
								0.5
							]
						},
						"useCollisionPoly": true,
						"duration": 1
					}
				],
				"sid": 352781988813291,
				"name": "Animation 1",
				"isLooping": false,
				"isPingPong": false,
				"repeatCount": 1,
				"repeatTo": 0,
				"speed": 5
			}
		],
		"subfolders": []
	}
}