{
	"name": "Player",
	"plugin-id": "Sprite",
	"sid": 297731963183778,
	"isGlobal": false,
	"instanceVariables": [],
	"behaviorTypes": [
		{
			"behaviorId": "EightDir",
			"name": "8Direction",
			"sid": 160512496472410
		},
		{
			"behaviorId": "scrollto",
			"name": "ScrollTo",
			"sid": 156391791293856
		},
		{
			"behaviorId": "bound",
			"name": "BoundToLayout",
			"sid": 963926395094694
		},
		{
			"behaviorId": "Bullet",
			"name": "Bullet",
			"sid": 584511997098110
		}
	],
	"effectTypes": [],
	"animations": {
		"items": [
			{
				"frames": [
					{
						"width": 749,
						"height": 749,
						"originX": 0.5,
						"originY": 0.5,
						"originalSource": "",
						"exportFormat": "png",
						"exportQuality": 0.8,
						"imageSpriteId": 3497244,
						"collisionPoly": {
							"points": [
								1,
								0,
								1,
								1,
								0,
								1,
								0,
								0
							]
						},
						"useCollisionPoly": true,
						"imagePoints": [
							{
								"name": "Image Point 1",
								"x": 0,
								"y": 0.5
							}
						],
						"duration": 1
					},
					{
						"width": 749,
						"height": 749,
						"originX": 0.5,
						"originY": 0.5,
						"originalSource": "",
						"exportFormat": "png",
						"exportQuality": 0.8,
						"imageSpriteId": 5008974,
						"collisionPoly": {
							"points": [
								1,
								0,
								1,
								1,
								0,
								1,
								0,
								0
							]
						},
						"useCollisionPoly": true,
						"imagePoints": [
							{
								"name": "Image Point 1",
								"x": 0,
								"y": 0.5
							}
						],
						"duration": 1
					}
				],
				"sid": 366665800894265,
				"name": "Animation 1",
				"isLooping": false,
				"isPingPong": false,
				"repeatCount": 1,
				"repeatTo": 0,
				"speed": 0
			}
		],
		"subfolders": []
	}
}