{
	"name": "Ranged_Enemy_Minor",
	"plugin-id": "Sprite",
	"sid": 459427754936889,
	"isGlobal": false,
	"instanceVariables": [],
	"behaviorTypes": [
		{
			"behaviorId": "Turret",
			"name": "Turret",
			"sid": 896632534375532
		}
	],
	"effectTypes": [],
	"animations": {
		"items": [
			{
				"frames": [
					{
						"width": 798,
						"height": 750,
						"originX": 0.5,
						"originY": 0.5,
						"originalSource": "",
						"exportFormat": "png",
						"exportQuality": 0.8,
						"imageSpriteId": 5465416,
						"collisionPoly": {
							"points": [
								0,
								0,
								1,
								0,
								0.7619046912555774,
								0.7919999917348229,
								0.23057669501755743,
								0.7999999920527138
							]
						},
						"useCollisionPoly": true,
						"duration": 1
					},
					{
						"width": 798,
						"height": 750,
						"originX": 0.5,
						"originY": 0.5,
						"originalSource": "",
						"exportFormat": "png",
						"exportQuality": 0.8,
						"imageSpriteId": 365032,
						"collisionPoly": {
							"points": [
								0,
								0,
								1,
								0,
								0.7619046912555774,
								0.7919999917348229,
								0.23057669501755743,
								0.7999999920527138
							]
						},
						"useCollisionPoly": true,
						"duration": 1
					}
				],
				"sid": 736468096908327,
				"name": "Normal",
				"isLooping": false,
				"isPingPong": false,
				"repeatCount": 1,
				"repeatTo": 0,
				"speed": 0
			},
			{
				"frames": [
					{
						"width": 798,
						"height": 750,
						"originX": 0.5,
						"originY": 0.5,
						"originalSource": "",
						"exportFormat": "png",
						"exportQuality": 0.8,
						"imageSpriteId": 5510013,
						"useCollisionPoly": true,
						"duration": 1
					}
				],
				"sid": 206207044726741,
				"name": "Burning",
				"isLooping": false,
				"isPingPong": false,
				"repeatCount": 1,
				"repeatTo": 0,
				"speed": 5
			},
			{
				"frames": [
					{
						"width": 798,
						"height": 750,
						"originX": 0.5,
						"originY": 0.5,
						"originalSource": "",
						"exportFormat": "png",
						"exportQuality": 0.8,
						"imageSpriteId": 5215033,
						"useCollisionPoly": true,
						"duration": 1
					}
				],
				"sid": 392983323743200,
				"name": "Frozen",
				"isLooping": false,
				"isPingPong": false,
				"repeatCount": 1,
				"repeatTo": 0,
				"speed": 5
			},
			{
				"frames": [
					{
						"width": 798,
						"height": 750,
						"originX": 0.5,
						"originY": 0.5,
						"originalSource": "",
						"exportFormat": "png",
						"exportQuality": 0.8,
						"imageSpriteId": 9485897,
						"useCollisionPoly": true,
						"duration": 1
					}
				],
				"sid": 193561887015468,
				"name": "Paralyzed",
				"isLooping": false,
				"isPingPong": false,
				"repeatCount": 1,
				"repeatTo": 0,
				"speed": 5
			}
		],
		"subfolders": []
	}
}