{
	"name": "Walls",
	"plugin-id": "Sprite",
	"sid": 826084874705154,
	"instanceVariables": [],
	"behaviorTypes": [],
	"effectTypes": [],
	"members": [
		"Border",
		"Arena1_WallBar",
		"Arena1_WallLeft",
		"Arena1_WallRight",
		"Arena1_WallMiddle",
		"Arena1_SeatsMiddle",
		"Arena1_SeatsConnector2",
		"Arena1_SeatsConnector",
		"Arena1_Pedastal",
		"Arena1_Pillar",
		"Arena1_Fountain",
		"Level2_Border",
		"Level2_SeatsConnector",
		"Level2_SeatsMiddle",
		"Level2_Wall",
		"Pillaer",
		"Wall_Bar",
		"Level2_Connector",
		"DoorWalls"
	]
}