{
	"name": "Controls_ES",
	"events": [
		{
			"eventType": "variable",
			"name": "isPaused",
			"type": "boolean",
			"initialValue": "false",
			"comment": "",
			"isStatic": false,
			"isConstant": false,
			"sid": 333485203561551
		},
		{
			"eventType": "block",
			"conditions": [
				{
					"id": "key-is-down",
					"objectClass": "Keyboard",
					"sid": 336808293492607,
					"parameters": {
						"key": 87
					}
				}
			],
			"actions": [
				{
					"id": "simulate-control",
					"objectClass": "Player",
					"sid": 511089513028473,
					"behaviorType": "8Direction",
					"parameters": {
						"control": "up"
					}
				}
			],
			"sid": 770013458991863
		},
		{
			"eventType": "block",
			"conditions": [
				{
					"id": "key-is-down",
					"objectClass": "Keyboard",
					"sid": 623847129675014,
					"parameters": {
						"key": 65
					}
				}
			],
			"actions": [
				{
					"id": "simulate-control",
					"objectClass": "Player",
					"sid": 909462917306472,
					"behaviorType": "8Direction",
					"parameters": {
						"control": "left"
					}
				}
			],
			"sid": 501506433469473
		},
		{
			"eventType": "block",
			"conditions": [
				{
					"id": "key-is-down",
					"objectClass": "Keyboard",
					"sid": 984136407257969,
					"parameters": {
						"key": 83
					}
				}
			],
			"actions": [
				{
					"id": "simulate-control",
					"objectClass": "Player",
					"sid": 464031646679347,
					"behaviorType": "8Direction",
					"parameters": {
						"control": "down"
					}
				}
			],
			"sid": 979860117776179
		},
		{
			"eventType": "block",
			"conditions": [
				{
					"id": "key-is-down",
					"objectClass": "Keyboard",
					"sid": 613090097948565,
					"parameters": {
						"key": 68
					}
				}
			],
			"actions": [
				{
					"id": "simulate-control",
					"objectClass": "Player",
					"sid": 978963238174182,
					"behaviorType": "8Direction",
					"parameters": {
						"control": "right"
					}
				}
			],
			"sid": 386972767845438
		},
		{
			"eventType": "block",
			"conditions": [
				{
					"id": "on-collision-with-another-object",
					"objectClass": "Player",
					"sid": 455564357139035,
					"parameters": {
						"object": "DoorCloser"
					}
				}
			],
			"actions": [
				{
					"id": "set-visible",
					"objectClass": "DoorWalls",
					"sid": 133734348062166,
					"parameters": {
						"visibility": "visible"
					}
				},
				{
					"id": "set-collisions-enabled",
					"objectClass": "DoorWalls",
					"sid": 367319158245131,
					"parameters": {
						"collisions": "enabled"
					}
				},
				{
					"id": "set-collisions-enabled",
					"objectClass": "DoorBlock",
					"sid": 940742579107396,
					"parameters": {
						"collisions": "enabled"
					}
				}
			],
			"sid": 139228943738778
		}
	],
	"sid": 312005651760020
}