{
	"name": "Lobby_ES",
	"events": [
		{
			"eventType": "variable",
			"name": "AbilityCardsDocked",
			"type": "number",
			"initialValue": "0",
			"comment": "",
			"isStatic": false,
			"isConstant": false,
			"sid": 683090296235918
		},
		{
			"eventType": "variable",
			"name": "AbilityCardCount",
			"type": "number",
			"initialValue": "0",
			"comment": "",
			"isStatic": false,
			"isConstant": false,
			"sid": 684939980657039
		},
		{
			"eventType": "variable",
			"name": "ElementalCardsDocked",
			"type": "number",
			"initialValue": "0",
			"comment": "",
			"isStatic": false,
			"isConstant": false,
			"sid": 512049463496007
		},
		{
			"eventType": "include",
			"includeSheet": "Controls_ES"
		},
		{
			"eventType": "group",
			"disabled": false,
			"title": "Cards",
			"description": "",
			"isActiveOnStart": true,
			"children": [
				{
					"eventType": "group",
					"disabled": false,
					"title": "Cards Showing",
					"description": "",
					"isActiveOnStart": true,
					"children": [
						{
							"eventType": "block",
							"conditions": [
								{
									"id": "is-overlapping-another-object",
									"objectClass": "Player",
									"sid": 739768278153409,
									"parameters": {
										"object": "NextSceneZone"
									}
								}
							],
							"actions": [
								{
									"id": "set-visible",
									"objectClass": "CardDocks",
									"sid": 381882562609860,
									"parameters": {
										"visibility": "visible"
									}
								},
								{
									"id": "set-collisions-enabled",
									"objectClass": "CardDocks",
									"sid": 121908849064390,
									"parameters": {
										"collisions": "enabled"
									}
								},
								{
									"id": "set-visible",
									"objectClass": "Cards",
									"sid": 160089074333048,
									"parameters": {
										"visibility": "visible"
									}
								},
								{
									"id": "set-collisions-enabled",
									"objectClass": "Cards",
									"sid": 736543736254402,
									"parameters": {
										"collisions": "enabled"
									}
								},
								{
									"id": "set-enabled",
									"objectClass": "But_EnterLevel",
									"sid": 348108624172042,
									"parameters": {
										"mode": "enabled"
									}
								},
								{
									"id": "set-visible",
									"objectClass": "But_EnterLevel",
									"sid": 115613622241101,
									"parameters": {
										"visibility": "visible"
									}
								}
							],
							"sid": 241973884428367,
							"children": [
								{
									"eventType": "block",
									"conditions": [
										{
											"id": "cursor-is-over-object",
											"objectClass": "Mouse",
											"sid": 275375492461378,
											"parameters": {
												"object": "ElementCards"
											}
										}
									],
									"actions": [],
									"sid": 503896619375179,
									"children": [
										{
											"eventType": "block",
											"conditions": [
												{
													"id": "compare-instance-variable",
													"objectClass": "ElementCards",
													"sid": 270413809678356,
													"parameters": {
														"instance-variable": "Type",
														"comparison": 0,
														"value": "\"Fire\""
													}
												}
											],
											"actions": [
												{
													"id": "set-position",
													"objectClass": "Tutorial_SpriteFont_fire",
													"sid": 445943666720351,
													"parameters": {
														"x": "Mouse.X",
														"y": "Mouse.Y"
													}
												},
												{
													"id": "set-position",
													"objectClass": "Tooltip_Background_Fire",
													"sid": 172293263000149,
													"parameters": {
														"x": "Mouse.X",
														"y": "Mouse.Y"
													}
												},
												{
													"id": "set-visible",
													"objectClass": "Tutorial_SpriteFont_fire",
													"sid": 514419163050208,
													"parameters": {
														"visibility": "visible"
													}
												},
												{
													"id": "set-visible",
													"objectClass": "Tooltip_Background_Fire",
													"sid": 167676912225647,
													"parameters": {
														"visibility": "visible"
													}
												},
												{
													"id": "set-visible",
													"objectClass": "Tutorial_SpriteFont_Electricity",
													"sid": 689389699215668,
													"parameters": {
														"visibility": "invisible"
													}
												},
												{
													"id": "set-visible",
													"objectClass": "Tooltip_Background_Electricity",
													"sid": 454876445138539,
													"parameters": {
														"visibility": "invisible"
													}
												},
												{
													"id": "set-visible",
													"objectClass": "Tutorial_SpriteFont_Ice",
													"sid": 555879325618259,
													"parameters": {
														"visibility": "invisible"
													}
												},
												{
													"id": "set-visible",
													"objectClass": "Tooltip_Background_Ice",
													"sid": 134228674113940,
													"parameters": {
														"visibility": "invisible"
													}
												}
											],
											"sid": 607858122296378
										},
										{
											"eventType": "block",
											"conditions": [
												{
													"id": "compare-instance-variable",
													"objectClass": "ElementCards",
													"sid": 291765961611619,
													"parameters": {
														"instance-variable": "Type",
														"comparison": 0,
														"value": "\"Ice\""
													}
												}
											],
											"actions": [
												{
													"id": "set-position",
													"objectClass": "Tutorial_SpriteFont_Ice",
													"sid": 251963695820031,
													"parameters": {
														"x": "Mouse.X",
														"y": "Mouse.Y"
													}
												},
												{
													"id": "set-position",
													"objectClass": "Tooltip_Background_Ice",
													"sid": 879929751778386,
													"parameters": {
														"x": "Mouse.X",
														"y": "Mouse.Y"
													}
												},
												{
													"id": "set-visible",
													"objectClass": "Tutorial_SpriteFont_Ice",
													"sid": 515604271642099,
													"parameters": {
														"visibility": "visible"
													}
												},
												{
													"id": "set-visible",
													"objectClass": "Tooltip_Background_Ice",
													"sid": 560285192134805,
													"parameters": {
														"visibility": "visible"
													}
												},
												{
													"id": "set-visible",
													"objectClass": "Tutorial_SpriteFont_Electricity",
													"sid": 406489293321889,
													"parameters": {
														"visibility": "invisible"
													}
												},
												{
													"id": "set-visible",
													"objectClass": "Tooltip_Background_Electricity",
													"sid": 981951607592352,
													"parameters": {
														"visibility": "invisible"
													}
												},
												{
													"id": "set-visible",
													"objectClass": "Tutorial_SpriteFont_fire",
													"sid": 301533825914492,
													"parameters": {
														"visibility": "invisible"
													}
												},
												{
													"id": "set-visible",
													"objectClass": "Tooltip_Background_Fire",
													"sid": 864245695429919,
													"parameters": {
														"visibility": "invisible"
													}
												}
											],
											"sid": 857494845969866
										},
										{
											"eventType": "block",
											"conditions": [
												{
													"id": "compare-instance-variable",
													"objectClass": "ElementCards",
													"sid": 949377392735636,
													"parameters": {
														"instance-variable": "Type",
														"comparison": 0,
														"value": "\"Electric\""
													}
												}
											],
											"actions": [
												{
													"id": "set-position",
													"objectClass": "Tutorial_SpriteFont_Electricity",
													"sid": 773867628648636,
													"parameters": {
														"x": "Mouse.X",
														"y": "Mouse.Y"
													}
												},
												{
													"id": "set-position",
													"objectClass": "Tooltip_Background_Electricity",
													"sid": 681043480613813,
													"parameters": {
														"x": "Mouse.X",
														"y": "Mouse.Y"
													}
												},
												{
													"id": "set-visible",
													"objectClass": "Tutorial_SpriteFont_Electricity",
													"sid": 636106234153494,
													"parameters": {
														"visibility": "visible"
													}
												},
												{
													"id": "set-visible",
													"objectClass": "Tooltip_Background_Electricity",
													"sid": 702334007952869,
													"parameters": {
														"visibility": "visible"
													}
												},
												{
													"id": "set-visible",
													"objectClass": "Tutorial_SpriteFont_Ice",
													"sid": 819675691379001,
													"parameters": {
														"visibility": "invisible"
													}
												},
												{
													"id": "set-visible",
													"objectClass": "Tooltip_Background_Ice",
													"sid": 197795490151492,
													"parameters": {
														"visibility": "invisible"
													}
												},
												{
													"id": "set-visible",
													"objectClass": "Tutorial_SpriteFont_fire",
													"sid": 284587708434312,
													"parameters": {
														"visibility": "invisible"
													}
												},
												{
													"id": "set-visible",
													"objectClass": "Tooltip_Background_Fire",
													"sid": 385426872536514,
													"parameters": {
														"visibility": "invisible"
													}
												}
											],
											"sid": 627410588134974
										}
									]
								},
								{
									"eventType": "block",
									"conditions": [
										{
											"id": "cursor-is-over-object",
											"objectClass": "Mouse",
											"sid": 681802726406424,
											"parameters": {
												"object": "AbilityCards"
											}
										}
									],
									"actions": [],
									"sid": 608873504274417,
									"children": [
										{
											"eventType": "block",
											"conditions": [
												{
													"id": "compare-instance-variable",
													"objectClass": "AbilityCards",
													"sid": 928236616251193,
													"parameters": {
														"instance-variable": "Type",
														"comparison": 0,
														"value": "\"Charged Shot\""
													}
												}
											],
											"actions": [
												{
													"id": "set-position",
													"objectClass": "Tutorial_SpriteFont_ChargedShot",
													"sid": 605655356982261,
													"parameters": {
														"x": "Mouse.X",
														"y": "Mouse.Y"
													}
												},
												{
													"id": "set-position",
													"objectClass": "Tooltip_Background_ChargedShot",
													"sid": 865121585804540,
													"parameters": {
														"x": "Mouse.X",
														"y": "Mouse.Y"
													}
												},
												{
													"id": "set-visible",
													"objectClass": "Tutorial_SpriteFont_ChargedShot",
													"sid": 682900813218904,
													"parameters": {
														"visibility": "visible"
													}
												},
												{
													"id": "set-visible",
													"objectClass": "Tooltip_Background_ChargedShot",
													"sid": 811086970330821,
													"parameters": {
														"visibility": "visible"
													}
												},
												{
													"id": "set-visible",
													"objectClass": "Tutorial_SpriteFont_Dash",
													"sid": 156767797412125,
													"disabled": true,
													"parameters": {
														"visibility": "invisible"
													}
												},
												{
													"id": "set-visible",
													"objectClass": "Tooltip_Background_Dash",
													"sid": 623084769432746,
													"disabled": true,
													"parameters": {
														"visibility": "invisible"
													}
												},
												{
													"id": "set-visible",
													"objectClass": "Tutorial_SpriteFont_Multishot",
													"sid": 696350551021047,
													"parameters": {
														"visibility": "invisible"
													}
												},
												{
													"id": "set-visible",
													"objectClass": "Tooltip_Background_Multishot",
													"sid": 740318111142342,
													"parameters": {
														"visibility": "invisible"
													}
												},
												{
													"id": "set-visible",
													"objectClass": "Tutorial_SpriteFont_PierceShot",
													"sid": 310372883748520,
													"parameters": {
														"visibility": "invisible"
													}
												},
												{
													"id": "set-visible",
													"objectClass": "Tooltip_Background_PierceShot",
													"sid": 726610470714146,
													"parameters": {
														"visibility": "invisible"
													}
												}
											],
											"sid": 744061517819870
										},
										{
											"eventType": "block",
											"conditions": [
												{
													"id": "compare-instance-variable",
													"objectClass": "AbilityCards",
													"sid": 167202120976028,
													"parameters": {
														"instance-variable": "Type",
														"comparison": 0,
														"value": "\"Dash\""
													}
												}
											],
											"actions": [
												{
													"id": "set-position",
													"objectClass": "Tutorial_SpriteFont_Dash",
													"sid": 907524139495400,
													"parameters": {
														"x": "Mouse.X",
														"y": "Mouse.Y"
													}
												},
												{
													"id": "set-position",
													"objectClass": "Tooltip_Background_Dash",
													"sid": 885379301286258,
													"parameters": {
														"x": "Mouse.X",
														"y": "Mouse.Y"
													}
												},
												{
													"id": "set-visible",
													"objectClass": "Tutorial_SpriteFont_Dash",
													"sid": 910252112475027,
													"parameters": {
														"visibility": "visible"
													}
												},
												{
													"id": "set-visible",
													"objectClass": "Tooltip_Background_Dash",
													"sid": 239481266221032,
													"parameters": {
														"visibility": "visible"
													}
												},
												{
													"id": "set-visible",
													"objectClass": "Tutorial_SpriteFont_ChargedShot",
													"sid": 145239030231758,
													"parameters": {
														"visibility": "invisible"
													}
												},
												{
													"id": "set-visible",
													"objectClass": "Tooltip_Background_ChargedShot",
													"sid": 336378526970979,
													"parameters": {
														"visibility": "invisible"
													}
												},
												{
													"id": "set-visible",
													"objectClass": "Tutorial_SpriteFont_Multishot",
													"sid": 803566262366211,
													"parameters": {
														"visibility": "invisible"
													}
												},
												{
													"id": "set-visible",
													"objectClass": "Tooltip_Background_Multishot",
													"sid": 285978829814887,
													"parameters": {
														"visibility": "invisible"
													}
												},
												{
													"id": "set-visible",
													"objectClass": "Tutorial_SpriteFont_PierceShot",
													"sid": 327683261042328,
													"parameters": {
														"visibility": "invisible"
													}
												},
												{
													"id": "set-visible",
													"objectClass": "Tooltip_Background_PierceShot",
													"sid": 753531301110461,
													"parameters": {
														"visibility": "invisible"
													}
												}
											],
											"sid": 313794368775254,
											"disabled": true
										},
										{
											"eventType": "block",
											"conditions": [
												{
													"id": "compare-instance-variable",
													"objectClass": "AbilityCards",
													"sid": 843134042500280,
													"parameters": {
														"instance-variable": "Type",
														"comparison": 0,
														"value": "\"Multishot\""
													}
												}
											],
											"actions": [
												{
													"id": "set-position",
													"objectClass": "Tutorial_SpriteFont_Multishot",
													"sid": 132345012803198,
													"parameters": {
														"x": "Mouse.X",
														"y": "Mouse.Y"
													}
												},
												{
													"id": "set-position",
													"objectClass": "Tooltip_Background_Multishot",
													"sid": 159016614451204,
													"parameters": {
														"x": "Mouse.X",
														"y": "Mouse.Y"
													}
												},
												{
													"id": "set-visible",
													"objectClass": "Tutorial_SpriteFont_Multishot",
													"sid": 340394089884016,
													"parameters": {
														"visibility": "visible"
													}
												},
												{
													"id": "set-visible",
													"objectClass": "Tooltip_Background_Multishot",
													"sid": 749828349152283,
													"parameters": {
														"visibility": "visible"
													}
												},
												{
													"id": "set-visible",
													"objectClass": "Tutorial_SpriteFont_Dash",
													"sid": 471791451493490,
													"disabled": true,
													"parameters": {
														"visibility": "invisible"
													}
												},
												{
													"id": "set-visible",
													"objectClass": "Tooltip_Background_Dash",
													"sid": 623342469571635,
													"disabled": true,
													"parameters": {
														"visibility": "invisible"
													}
												},
												{
													"id": "set-visible",
													"objectClass": "Tutorial_SpriteFont_ChargedShot",
													"sid": 475859225942177,
													"parameters": {
														"visibility": "invisible"
													}
												},
												{
													"id": "set-visible",
													"objectClass": "Tooltip_Background_ChargedShot",
													"sid": 207252147455930,
													"parameters": {
														"visibility": "invisible"
													}
												},
												{
													"id": "set-visible",
													"objectClass": "Tutorial_SpriteFont_PierceShot",
													"sid": 212878237959938,
													"parameters": {
														"visibility": "invisible"
													}
												},
												{
													"id": "set-visible",
													"objectClass": "Tooltip_Background_PierceShot",
													"sid": 306523883234757,
													"parameters": {
														"visibility": "invisible"
													}
												}
											],
											"sid": 304371434879273
										},
										{
											"eventType": "block",
											"conditions": [
												{
													"id": "compare-instance-variable",
													"objectClass": "AbilityCards",
													"sid": 680669748373717,
													"parameters": {
														"instance-variable": "Type",
														"comparison": 0,
														"value": "\"Piercing Shot\""
													}
												}
											],
											"actions": [
												{
													"id": "set-position",
													"objectClass": "Tutorial_SpriteFont_PierceShot",
													"sid": 269182691540922,
													"parameters": {
														"x": "Mouse.X",
														"y": "Mouse.Y"
													}
												},
												{
													"id": "set-position",
													"objectClass": "Tooltip_Background_PierceShot",
													"sid": 319748686493307,
													"parameters": {
														"x": "Mouse.X",
														"y": "Mouse.Y"
													}
												},
												{
													"id": "set-visible",
													"objectClass": "Tutorial_SpriteFont_PierceShot",
													"sid": 417628060117777,
													"parameters": {
														"visibility": "visible"
													}
												},
												{
													"id": "set-visible",
													"objectClass": "Tooltip_Background_PierceShot",
													"sid": 457529900466770,
													"parameters": {
														"visibility": "visible"
													}
												},
												{
													"id": "set-visible",
													"objectClass": "Tutorial_SpriteFont_Multishot",
													"sid": 607874028715057,
													"parameters": {
														"visibility": "invisible"
													}
												},
												{
													"id": "set-visible",
													"objectClass": "Tooltip_Background_Multishot",
													"sid": 299010830811721,
													"parameters": {
														"visibility": "invisible"
													}
												},
												{
													"id": "set-visible",
													"objectClass": "Tutorial_SpriteFont_Dash",
													"sid": 683656996166057,
													"disabled": true,
													"parameters": {
														"visibility": "invisible"
													}
												},
												{
													"id": "set-visible",
													"objectClass": "Tooltip_Background_Dash",
													"sid": 425005174100174,
													"disabled": true,
													"parameters": {
														"visibility": "invisible"
													}
												},
												{
													"id": "set-visible",
													"objectClass": "Tutorial_SpriteFont_ChargedShot",
													"sid": 776098365818226,
													"parameters": {
														"visibility": "invisible"
													}
												},
												{
													"id": "set-visible",
													"objectClass": "Tooltip_Background_ChargedShot",
													"sid": 748415671371024,
													"parameters": {
														"visibility": "invisible"
													}
												}
											],
											"sid": 205509151333758
										}
									]
								},
								{
									"eventType": "block",
									"conditions": [
										{
											"id": "on-clicked",
											"objectClass": "But_EnterLevel",
											"sid": 842558266527822
										}
									],
									"actions": [],
									"sid": 975630470163295,
									"children": [
										{
											"eventType": "comment",
											"text": "Click the button to go to the level that's indicated by the NextSceneZone's NextScene string variable"
										},
										{
											"eventType": "block",
											"conditions": [
												{
													"id": "is-visible",
													"objectClass": "WarningNoCards",
													"sid": 366166624448646
												}
											],
											"actions": [
												{
													"id": "go-to-nextprevious-layout",
													"objectClass": "System",
													"sid": 673374851731574,
													"parameters": {
														"which": "next"
													}
												}
											],
											"sid": 338012333033960,
											"children": [
												{
													"eventType": "comment",
													"text": "Click the button to go to the level that's indicated by the NextSceneZone's NextScene string variable"
												}
											]
										},
										{
											"eventType": "block",
											"conditions": [
												{
													"id": "is-visible",
													"objectClass": "WarningNoCards",
													"sid": 428345673251217,
													"isInverted": true
												}
											],
											"actions": [
												{
													"id": "set-visible",
													"objectClass": "WarningNoCards",
													"sid": 437035849705743,
													"parameters": {
														"visibility": "visible"
													}
												}
											],
											"sid": 610672061882129
										}
									]
								},
								{
									"eventType": "comment",
									"text": "If the player is overlapping the next scene zone, set the card docks & the card's visibility & collisions to enabled"
								},
								{
									"eventType": "block",
									"conditions": [
										{
											"id": "compare-eventvar",
											"objectClass": "System",
											"sid": 435095286782692,
											"parameters": {
												"variable": "AbilityCardsDocked",
												"comparison": 5,
												"value": "AbilityDock.Count"
											}
										},
										{
											"id": "compare-eventvar",
											"objectClass": "System",
											"sid": 343176387153595,
											"parameters": {
												"variable": "ElementalCardsDocked",
												"comparison": 5,
												"value": "ElementDock.Count"
											}
										}
									],
									"actions": [],
									"sid": 922372312100475,
									"disabled": true,
									"children": [
										{
											"eventType": "comment",
											"text": "If both types of Cards Docked variables are equal or greater than 1 (the amount you're allowed to choose), then set the button & it's visibility to enabled"
										}
									]
								},
								{
									"eventType": "block",
									"conditions": [
										{
											"id": "compare-eventvar",
											"objectClass": "System",
											"sid": 423099034754597,
											"parameters": {
												"variable": "AbilityCardsDocked",
												"comparison": 2,
												"value": "AbilityDock.Count"
											}
										},
										{
											"id": "compare-eventvar",
											"objectClass": "System",
											"sid": 489793529875647,
											"parameters": {
												"variable": "ElementalCardsDocked",
												"comparison": 2,
												"value": "ElementDock.Count"
											}
										}
									],
									"actions": [
										{
											"id": "set-enabled",
											"objectClass": "But_EnterLevel",
											"sid": 831802932466423,
											"parameters": {
												"mode": "disabled"
											}
										},
										{
											"id": "set-visible",
											"objectClass": "But_EnterLevel",
											"sid": 336627440431866,
											"parameters": {
												"visibility": "invisible"
											}
										}
									],
									"sid": 261769573017661,
									"disabled": true,
									"children": [
										{
											"eventType": "block",
											"conditions": [
												{
													"id": "on-clicked",
													"objectClass": "But_EnterLevel",
													"sid": 256363161723494
												}
											],
											"actions": [
												{
													"id": "go-to-layout-by-name",
													"objectClass": "System",
													"sid": 981024840072025,
													"parameters": {
														"layout": "NextSceneZone.NextScene"
													}
												}
											],
											"sid": 854809382271004,
											"disabled": true,
											"children": [
												{
													"eventType": "comment",
													"text": "Click the button to go to the level that's indicated by the NextSceneZone's NextScene string variable"
												}
											]
										},
										{
											"eventType": "comment",
											"text": "If the cardsDocked variables are not equal to the correct amount, make the button invisible, and disabled"
										}
									],
									"isOrBlock": true
								}
							]
						},
						{
							"eventType": "block",
							"conditions": [
								{
									"id": "is-overlapping-another-object",
									"objectClass": "Player",
									"sid": 700431035949716,
									"parameters": {
										"object": "NextSceneZone"
									},
									"isInverted": true
								}
							],
							"actions": [
								{
									"id": "set-visible",
									"objectClass": "CardDocks",
									"sid": 239086773005182,
									"parameters": {
										"visibility": "invisible"
									}
								},
								{
									"id": "set-collisions-enabled",
									"objectClass": "CardDocks",
									"sid": 989047267128148,
									"parameters": {
										"collisions": "disabled"
									}
								},
								{
									"id": "set-visible",
									"objectClass": "Cards",
									"sid": 892829093151182,
									"parameters": {
										"visibility": "invisible"
									}
								},
								{
									"id": "set-collisions-enabled",
									"objectClass": "Cards",
									"sid": 578109065360274,
									"parameters": {
										"collisions": "disabled"
									}
								},
								{
									"id": "set-enabled",
									"objectClass": "But_EnterLevel",
									"sid": 284117421040963,
									"parameters": {
										"mode": "enabled"
									}
								},
								{
									"id": "set-visible",
									"objectClass": "But_EnterLevel",
									"sid": 653852377119669,
									"parameters": {
										"visibility": "invisible"
									}
								}
							],
							"sid": 352346755081117,
							"children": [
								{
									"eventType": "comment",
									"text": "If the player is not overlapping the next scene zone, make the cards, their docks, and the start button all invisible, and disabled"
								}
							]
						}
					],
					"sid": 542580203578581
				},
				{
					"eventType": "group",
					"disabled": false,
					"title": "Cards Docking",
					"description": "",
					"isActiveOnStart": true,
					"children": [
						{
							"eventType": "block",
							"conditions": [
								{
									"id": "on-start-of-layout",
									"objectClass": "System",
									"sid": 818919039797243
								}
							],
							"actions": [
								{
									"id": "set-instvar-value",
									"objectClass": "Cards",
									"sid": 609316897999007,
									"parameters": {
										"instance-variable": "StartPosX",
										"value": "Cards.X"
									}
								},
								{
									"id": "set-instvar-value",
									"objectClass": "Cards",
									"sid": 471007501333537,
									"parameters": {
										"instance-variable": "StartPosY",
										"value": "Cards.Y"
									}
								},
								{
									"id": "set-eventvar-value",
									"objectClass": "System",
									"sid": 465092471707387,
									"parameters": {
										"variable": "AbilityCardCount",
										"value": "AbilityDock.Count"
									}
								}
							],
							"sid": 220572128034155,
							"children": [
								{
									"eventType": "comment",
									"text": "On the start of the layout, set each card's startPos variables to their x & y positions"
								}
							]
						},
						{
							"eventType": "group",
							"disabled": false,
							"title": "Ability Cards",
							"description": "",
							"isActiveOnStart": true,
							"children": [
								{
									"eventType": "group",
									"disabled": false,
									"title": "Ability Undocking",
									"description": "",
									"isActiveOnStart": true,
									"children": [
										{
											"eventType": "block",
											"conditions": [
												{
													"id": "is-overlapping-another-object",
													"objectClass": "AbilityCards",
													"sid": 169204601392728,
													"parameters": {
														"object": "AbilityDock"
													},
													"isInverted": true
												},
												{
													"id": "is-dragging",
													"objectClass": "AbilityCards",
													"sid": 600255971293154,
													"behaviorType": "DragDrop",
													"isInverted": true
												}
											],
											"actions": [
												{
													"id": "set-position",
													"objectClass": "AbilityCards",
													"sid": 259979761284239,
													"parameters": {
														"x": "AbilityCards.StartPosX",
														"y": "AbilityCards.StartPosY"
													}
												},
												{
													"id": "set-boolean-instvar",
													"objectClass": "AbilityCards",
													"sid": 844201657327784,
													"parameters": {
														"instance-variable": "Docked",
														"value": "false"
													}
												}
											],
											"sid": 584164437577975,
											"children": [
												{
													"eventType": "comment",
													"text": "When the card is not overlapping a dock and you are not dragging the card, set the card's position to the OG position, and set the docked variable to false"
												}
											]
										},
										{
											"eventType": "block",
											"conditions": [
												{
													"id": "on-drop",
													"objectClass": "AbilityCards",
													"sid": 316455572559658,
													"behaviorType": "DragDrop"
												},
												{
													"id": "is-overlapping-another-object",
													"objectClass": "AbilityCards",
													"sid": 899904240075461,
													"parameters": {
														"object": "AbilityDock"
													},
													"isInverted": true
												}
											],
											"actions": [
												{
													"id": "set-boolean-instvar",
													"objectClass": "AbilityCards",
													"sid": 455669194607049,
													"parameters": {
														"instance-variable": "Docked",
														"value": "false"
													}
												}
											],
											"sid": 236777197200313,
											"children": [
												{
													"eventType": "comment",
													"text": "When you drop a card, and it's not overlapping a dock, set the card's docked variable to false"
												},
												{
													"eventType": "block",
													"conditions": [
														{
															"id": "compare-instance-variable",
															"objectClass": "AbilityDock",
															"sid": 491207794330344,
															"parameters": {
																"instance-variable": "CardSlot",
																"comparison": 0,
																"value": "AbilityCards.CardPosition"
															}
														}
													],
													"actions": [
														{
															"id": "set-boolean-instvar",
															"objectClass": "AbilityDock",
															"sid": 737550991759750,
															"parameters": {
																"instance-variable": "Dockable",
																"value": "true"
															}
														}
													],
													"sid": 648306747820451,
													"children": [
														{
															"eventType": "comment",
															"text": "set card dock's to dockable, allowing another card to be placed"
														}
													]
												},
												{
													"eventType": "block",
													"conditions": [
														{
															"id": "compare-instance-variable",
															"objectClass": "AbilityCards",
															"sid": 497239421857778,
															"parameters": {
																"instance-variable": "CardPosition",
																"comparison": 0,
																"value": "AbilityDock.CardSlot"
															}
														}
													],
													"actions": [
														{
															"id": "subtract-from-eventvar",
															"objectClass": "System",
															"sid": 546548694570861,
															"parameters": {
																"variable": "AbilityCardsDocked",
																"value": "AbilityCards.CardPosition"
															}
														},
														{
															"id": "set-boolean-eventvar",
															"objectClass": "System",
															"sid": 378247186944373,
															"parameters": {
																"variable": "NormalBow",
																"value": "true"
															}
														},
														{
															"id": "set-boolean-eventvar",
															"objectClass": "System",
															"sid": 271618662528395,
															"parameters": {
																"variable": "MultiShot",
																"value": "false"
															}
														},
														{
															"id": "set-boolean-eventvar",
															"objectClass": "System",
															"sid": 379861969039436,
															"parameters": {
																"variable": "ChargedShot",
																"value": "false"
															}
														},
														{
															"id": "set-boolean-eventvar",
															"objectClass": "System",
															"sid": 735702113664281,
															"parameters": {
																"variable": "Dash",
																"value": "false"
															}
														}
													],
													"sid": 360124957866948,
													"children": [
														{
															"eventType": "comment",
															"text": "Subtract ability cards docked by the card position (one), and set the ability bools to false"
														},
														{
															"eventType": "block",
															"conditions": [],
															"actions": [
																{
																	"id": "set-instvar-value",
																	"objectClass": "AbilityCards",
																	"sid": 193689000422824,
																	"parameters": {
																		"instance-variable": "CardPosition",
																		"value": "0"
																	}
																}
															],
															"sid": 556945392663985,
															"children": [
																{
																	"eventType": "comment",
																	"text": "Set the card's position to 0"
																}
															]
														}
													]
												},
												{
													"eventType": "block",
													"conditions": [
														{
															"id": "compare-instance-variable",
															"objectClass": "AbilityCards",
															"sid": 800142752097902,
															"parameters": {
																"instance-variable": "CardPosition",
																"comparison": 0,
																"value": "0"
															}
														}
													],
													"actions": [
														{
															"id": "set-position",
															"objectClass": "AbilityCards",
															"sid": 933645821011257,
															"parameters": {
																"x": "AbilityCards.StartPosX",
																"y": "AbilityCards.StartPosY"
															}
														}
													],
													"sid": 269237221981702,
													"children": [
														{
															"eventType": "comment",
															"text": "When the card's cardposition is set to 0, reset it's position to the starting position"
														}
													]
												}
											]
										}
									],
									"sid": 713276801068818
								},
								{
									"eventType": "group",
									"disabled": false,
									"title": "Ability Docking",
									"description": "",
									"isActiveOnStart": true,
									"children": [
										{
											"eventType": "block",
											"conditions": [
												{
													"id": "on-drop",
													"objectClass": "AbilityCards",
													"sid": 744352716516217,
													"behaviorType": "DragDrop"
												},
												{
													"id": "is-overlapping-another-object",
													"objectClass": "AbilityCards",
													"sid": 423409391755097,
													"parameters": {
														"object": "AbilityDock"
													}
												},
												{
													"id": "is-boolean-instance-variable-set",
													"objectClass": "AbilityCards",
													"sid": 248373438563900,
													"parameters": {
														"instance-variable": "Docked"
													},
													"isInverted": true
												},
												{
													"id": "is-boolean-instance-variable-set",
													"objectClass": "AbilityDock",
													"sid": 764736267502003,
													"parameters": {
														"instance-variable": "Dockable"
													}
												}
											],
											"actions": [
												{
													"id": "set-instvar-value",
													"objectClass": "AbilityCards",
													"sid": 175901360069352,
													"parameters": {
														"instance-variable": "CardPosition",
														"value": "AbilityDock.CardSlot"
													}
												}
											],
											"sid": 546647894750130,
											"children": [
												{
													"eventType": "block",
													"conditions": [
														{
															"id": "compare-instance-variable",
															"objectClass": "AbilityCards",
															"sid": 456592933589913,
															"parameters": {
																"instance-variable": "CardPosition",
																"comparison": 0,
																"value": "AbilityDock.CardSlot"
															}
														}
													],
													"actions": [
														{
															"id": "set-position-to-another-object",
															"objectClass": "AbilityCards",
															"sid": 805584751139287,
															"parameters": {
																"object": "AbilityDock",
																"image-point-optional": "0"
															}
														},
														{
															"id": "set-boolean-instvar",
															"objectClass": "AbilityCards",
															"sid": 928939489987781,
															"parameters": {
																"instance-variable": "Docked",
																"value": "true"
															}
														}
													],
													"sid": 981596798388076,
													"children": [
														{
															"eventType": "block",
															"conditions": [
																{
																	"id": "compare-instance-variable",
																	"objectClass": "AbilityDock",
																	"sid": 369261825837279,
																	"parameters": {
																		"instance-variable": "CardSlot",
																		"comparison": 0,
																		"value": "AbilityCards.CardPosition"
																	}
																}
															],
															"actions": [
																{
																	"id": "set-boolean-instvar",
																	"objectClass": "AbilityDock",
																	"sid": 970694568673583,
																	"parameters": {
																		"instance-variable": "Dockable",
																		"value": "false"
																	}
																}
															],
															"sid": 538926822135559,
															"children": [
																{
																	"eventType": "comment",
																	"text": "if the card slot is equal to the card's card position, set the card dock's dockable variable to false"
																},
																{
																	"eventType": "block",
																	"conditions": [
																		{
																			"id": "compare-instance-variable",
																			"objectClass": "AbilityCards",
																			"sid": 466499442541901,
																			"parameters": {
																				"instance-variable": "Type",
																				"comparison": 0,
																				"value": "\"Piercing Shot\""
																			}
																		}
																	],
																	"actions": [
																		{
																			"id": "set-boolean-eventvar",
																			"objectClass": "System",
																			"sid": 765533438586782,
																			"parameters": {
																				"variable": "PiercingShot",
																				"value": "true"
																			}
																		},
																		{
																			"id": "set-boolean-eventvar",
																			"objectClass": "System",
																			"sid": 893819388694340,
																			"parameters": {
																				"variable": "NormalBow",
																				"value": "false"
																			}
																		},
																		{
																			"id": "add-to-eventvar",
																			"objectClass": "System",
																			"sid": 134181598745467,
																			"parameters": {
																				"variable": "AbilityCardsDocked",
																				"value": "AbilityCards.CardPosition"
																			}
																		}
																	],
																	"sid": 307552171179193,
																	"children": [
																		{
																			"eventType": "comment",
																			"text": "Set the global ability to the ability chosen"
																		}
																	]
																},
																{
																	"eventType": "block",
																	"conditions": [
																		{
																			"id": "compare-instance-variable",
																			"objectClass": "AbilityCards",
																			"sid": 743148609280797,
																			"parameters": {
																				"instance-variable": "Type",
																				"comparison": 0,
																				"value": "\"Charged Shot\""
																			}
																		}
																	],
																	"actions": [
																		{
																			"id": "set-boolean-eventvar",
																			"objectClass": "System",
																			"sid": 853785850906734,
																			"parameters": {
																				"variable": "ChargedShot",
																				"value": "true"
																			}
																		},
																		{
																			"id": "set-boolean-eventvar",
																			"objectClass": "System",
																			"sid": 407043468579659,
																			"parameters": {
																				"variable": "NormalBow",
																				"value": "false"
																			}
																		},
																		{
																			"id": "add-to-eventvar",
																			"objectClass": "System",
																			"sid": 741877687571521,
																			"parameters": {
																				"variable": "AbilityCardsDocked",
																				"value": "AbilityCards.CardPosition"
																			}
																		}
																	],
																	"sid": 879129001046323,
																	"children": [
																		{
																			"eventType": "comment",
																			"text": "Set the global ability to the ability chosen"
																		}
																	]
																},
																{
																	"eventType": "block",
																	"conditions": [
																		{
																			"id": "compare-instance-variable",
																			"objectClass": "AbilityCards",
																			"sid": 595750100078034,
																			"parameters": {
																				"instance-variable": "Type",
																				"comparison": 0,
																				"value": "\"Multishot\""
																			}
																		}
																	],
																	"actions": [
																		{
																			"id": "set-boolean-eventvar",
																			"objectClass": "System",
																			"sid": 684610342496980,
																			"parameters": {
																				"variable": "MultiShot",
																				"value": "true"
																			}
																		},
																		{
																			"id": "set-boolean-eventvar",
																			"objectClass": "System",
																			"sid": 796030918967554,
																			"parameters": {
																				"variable": "NormalBow",
																				"value": "false"
																			}
																		},
																		{
																			"id": "add-to-eventvar",
																			"objectClass": "System",
																			"sid": 660269545327536,
																			"parameters": {
																				"variable": "AbilityCardsDocked",
																				"value": "AbilityCards.CardPosition"
																			}
																		}
																	],
																	"sid": 993980809816322,
																	"children": [
																		{
																			"eventType": "comment",
																			"text": "Set the global ability to the ability chosen"
																		}
																	]
																},
																{
																	"eventType": "block",
																	"conditions": [
																		{
																			"id": "compare-instance-variable",
																			"objectClass": "AbilityCards",
																			"sid": 332350851456566,
																			"parameters": {
																				"instance-variable": "Type",
																				"comparison": 0,
																				"value": "\"Dash\""
																			}
																		}
																	],
																	"actions": [
																		{
																			"id": "set-boolean-eventvar",
																			"objectClass": "System",
																			"sid": 607279804619996,
																			"parameters": {
																				"variable": "Dash",
																				"value": "true"
																			}
																		},
																		{
																			"id": "set-boolean-eventvar",
																			"objectClass": "System",
																			"sid": 670381165709258,
																			"parameters": {
																				"variable": "NormalBow",
																				"value": "true"
																			}
																		},
																		{
																			"id": "add-to-eventvar",
																			"objectClass": "System",
																			"sid": 150523189668464,
																			"parameters": {
																				"variable": "AbilityCardsDocked",
																				"value": "AbilityCards.CardPosition"
																			}
																		}
																	],
																	"sid": 373423423285337,
																	"children": [
																		{
																			"eventType": "comment",
																			"text": "Set the global ability to the ability chosen"
																		}
																	]
																}
															]
														}
													]
												},
												{
													"eventType": "comment",
													"text": "When you stop dragging the card, and the card is overlapping a card dock, AND that card dock is dockable, set the card's card position to the card dock's card slot"
												}
											]
										}
									],
									"sid": 323750974674073
								},
								{
									"eventType": "block",
									"conditions": [
										{
											"id": "compare-eventvar",
											"objectClass": "System",
											"sid": 249703490532199,
											"parameters": {
												"variable": "AbilityCardsDocked",
												"comparison": 4,
												"value": "1"
											}
										}
									],
									"actions": [
										{
											"id": "set-boolean-eventvar",
											"objectClass": "System",
											"sid": 550136117826548,
											"parameters": {
												"variable": "NormalBow",
												"value": "false"
											}
										}
									],
									"sid": 424979945749091
								},
								{
									"eventType": "block",
									"conditions": [
										{
											"id": "compare-eventvar",
											"objectClass": "System",
											"sid": 391914411679530,
											"parameters": {
												"variable": "AbilityCardsDocked",
												"comparison": 3,
												"value": "0"
											}
										}
									],
									"actions": [
										{
											"id": "set-boolean-eventvar",
											"objectClass": "System",
											"sid": 679785858593292,
											"parameters": {
												"variable": "NormalBow",
												"value": "true"
											}
										}
									],
									"sid": 454388722430497
								}
							],
							"sid": 236130972038378
						},
						{
							"eventType": "group",
							"disabled": false,
							"title": "Elemental Cards",
							"description": "",
							"isActiveOnStart": true,
							"children": [
								{
									"eventType": "group",
									"disabled": false,
									"title": "Elemental Docking",
									"description": "",
									"isActiveOnStart": true,
									"children": [
										{
											"eventType": "block",
											"conditions": [
												{
													"id": "on-drop",
													"objectClass": "ElementCards",
													"sid": 887261336893707,
													"behaviorType": "DragDrop"
												},
												{
													"id": "is-boolean-instance-variable-set",
													"objectClass": "ElementCards",
													"sid": 621926096761108,
													"parameters": {
														"instance-variable": "Docked"
													},
													"isInverted": true
												},
												{
													"id": "is-overlapping-another-object",
													"objectClass": "ElementCards",
													"sid": 188783426114814,
													"parameters": {
														"object": "ElementDock"
													}
												},
												{
													"id": "is-boolean-instance-variable-set",
													"objectClass": "ElementDock",
													"sid": 431591171694292,
													"parameters": {
														"instance-variable": "Dockable"
													}
												}
											],
											"actions": [
												{
													"id": "set-instvar-value",
													"objectClass": "ElementCards",
													"sid": 711952735304981,
													"parameters": {
														"instance-variable": "CardPosition",
														"value": "ElementDock.CardSlot"
													}
												}
											],
											"sid": 832512836419439,
											"children": [
												{
													"eventType": "comment",
													"text": "When you stop dragging the card, and the card is overlapping a card dock, AND that card dock is dockable, set the card's card position to the card dock's card slot"
												},
												{
													"eventType": "block",
													"conditions": [
														{
															"id": "compare-instance-variable",
															"objectClass": "ElementCards",
															"sid": 978411262559426,
															"parameters": {
																"instance-variable": "CardPosition",
																"comparison": 0,
																"value": "ElementDock.CardSlot"
															}
														}
													],
													"actions": [
														{
															"id": "set-position-to-another-object",
															"objectClass": "ElementCards",
															"sid": 632459798263592,
															"parameters": {
																"object": "ElementDock",
																"image-point-optional": "0"
															}
														},
														{
															"id": "set-boolean-instvar",
															"objectClass": "ElementCards",
															"sid": 695210775017039,
															"parameters": {
																"instance-variable": "Docked",
																"value": "true"
															}
														}
													],
													"sid": 555474685662755,
													"children": [
														{
															"eventType": "block",
															"conditions": [
																{
																	"id": "compare-instance-variable",
																	"objectClass": "ElementDock",
																	"sid": 450318125692033,
																	"parameters": {
																		"instance-variable": "CardSlot",
																		"comparison": 0,
																		"value": "ElementCards.CardPosition"
																	}
																}
															],
															"actions": [
																{
																	"id": "set-boolean-instvar",
																	"objectClass": "ElementDock",
																	"sid": 729907181135773,
																	"parameters": {
																		"instance-variable": "Dockable",
																		"value": "false"
																	}
																}
															],
															"sid": 105906198488630,
															"children": [
																{
																	"eventType": "comment",
																	"text": "if the card slot is equal to the card's card position, set the card dock's dockable variable to false"
																},
																{
																	"eventType": "block",
																	"conditions": [
																		{
																			"id": "compare-instance-variable",
																			"objectClass": "ElementCards",
																			"sid": 239476459358943,
																			"parameters": {
																				"instance-variable": "Type",
																				"comparison": 0,
																				"value": "\"Ice\""
																			}
																		}
																	],
																	"actions": [
																		{
																			"id": "set-boolean-eventvar",
																			"objectClass": "System",
																			"sid": 422742266657307,
																			"parameters": {
																				"variable": "Ice",
																				"value": "true"
																			}
																		},
																		{
																			"id": "add-to-eventvar",
																			"objectClass": "System",
																			"sid": 319971958291236,
																			"parameters": {
																				"variable": "ElementalCardsDocked",
																				"value": "ElementCards.CardPosition"
																			}
																		}
																	],
																	"sid": 868584098058454,
																	"children": [
																		{
																			"eventType": "comment",
																			"text": "Set the global ability to the ability chosen"
																		}
																	]
																},
																{
																	"eventType": "block",
																	"conditions": [
																		{
																			"id": "compare-instance-variable",
																			"objectClass": "ElementCards",
																			"sid": 568486791541275,
																			"parameters": {
																				"instance-variable": "Type",
																				"comparison": 0,
																				"value": "\"Fire\""
																			}
																		}
																	],
																	"actions": [
																		{
																			"id": "set-boolean-eventvar",
																			"objectClass": "System",
																			"sid": 487790680395405,
																			"parameters": {
																				"variable": "Fire",
																				"value": "true"
																			}
																		},
																		{
																			"id": "add-to-eventvar",
																			"objectClass": "System",
																			"sid": 169583110414249,
																			"parameters": {
																				"variable": "ElementalCardsDocked",
																				"value": "ElementCards.CardPosition"
																			}
																		}
																	],
																	"sid": 888134328251615,
																	"children": [
																		{
																			"eventType": "comment",
																			"text": "Set the global ability to the ability chosen"
																		}
																	]
																},
																{
																	"eventType": "block",
																	"conditions": [
																		{
																			"id": "compare-instance-variable",
																			"objectClass": "ElementCards",
																			"sid": 893116726464748,
																			"parameters": {
																				"instance-variable": "Type",
																				"comparison": 0,
																				"value": "\"Electric\""
																			}
																		}
																	],
																	"actions": [
																		{
																			"id": "set-boolean-eventvar",
																			"objectClass": "System",
																			"sid": 555305534944989,
																			"parameters": {
																				"variable": "Electric",
																				"value": "true"
																			}
																		},
																		{
																			"id": "add-to-eventvar",
																			"objectClass": "System",
																			"sid": 307870966466387,
																			"parameters": {
																				"variable": "ElementalCardsDocked",
																				"value": "ElementCards.CardPosition"
																			}
																		}
																	],
																	"sid": 294030080974110,
																	"children": [
																		{
																			"eventType": "comment",
																			"text": "Set the global ability to the ability chosen"
																		}
																	]
																}
															]
														}
													]
												}
											]
										}
									],
									"sid": 569099400581160
								},
								{
									"eventType": "group",
									"disabled": false,
									"title": "Ele Undocking",
									"description": "",
									"isActiveOnStart": true,
									"children": [
										{
											"eventType": "block",
											"conditions": [
												{
													"id": "is-overlapping-another-object",
													"objectClass": "ElementCards",
													"sid": 798050384778071,
													"parameters": {
														"object": "ElementDock"
													},
													"isInverted": true
												},
												{
													"id": "is-dragging",
													"objectClass": "ElementCards",
													"sid": 548587077445882,
													"behaviorType": "DragDrop",
													"isInverted": true
												}
											],
											"actions": [
												{
													"id": "set-position",
													"objectClass": "ElementCards",
													"sid": 365417147896850,
													"parameters": {
														"x": "ElementCards.StartPosX",
														"y": "ElementCards.StartPosY"
													}
												},
												{
													"id": "set-boolean-instvar",
													"objectClass": "ElementCards",
													"sid": 320781815275963,
													"parameters": {
														"instance-variable": "Docked",
														"value": "false"
													}
												}
											],
											"sid": 768131161654066,
											"children": [
												{
													"eventType": "comment",
													"text": "When the card is not overlapping a dock and you are not dragging the card, set the card's position to the OG position, and set the docked variable to false"
												}
											]
										},
										{
											"eventType": "block",
											"conditions": [
												{
													"id": "on-drop",
													"objectClass": "ElementCards",
													"sid": 200473523949956,
													"behaviorType": "DragDrop"
												},
												{
													"id": "is-overlapping-another-object",
													"objectClass": "ElementCards",
													"sid": 640958373030429,
													"parameters": {
														"object": "ElementDock"
													},
													"isInverted": true
												}
											],
											"actions": [
												{
													"id": "set-boolean-instvar",
													"objectClass": "ElementCards",
													"sid": 918157177141164,
													"parameters": {
														"instance-variable": "Docked",
														"value": "false"
													}
												}
											],
											"sid": 977089611494973,
											"children": [
												{
													"eventType": "comment",
													"text": "When you drop a card, and it's not overlapping a dock, set the card's docked variable to false"
												},
												{
													"eventType": "block",
													"conditions": [
														{
															"id": "compare-instance-variable",
															"objectClass": "ElementDock",
															"sid": 505136541803939,
															"parameters": {
																"instance-variable": "CardSlot",
																"comparison": 0,
																"value": "ElementCards.CardPosition"
															}
														}
													],
													"actions": [
														{
															"id": "set-boolean-instvar",
															"objectClass": "ElementDock",
															"sid": 828879912734859,
															"parameters": {
																"instance-variable": "Dockable",
																"value": "true"
															}
														}
													],
													"sid": 828446897551546,
													"children": [
														{
															"eventType": "comment",
															"text": "set card dock's to dockable, allowing another card to be placed"
														}
													]
												},
												{
													"eventType": "block",
													"conditions": [
														{
															"id": "compare-instance-variable",
															"objectClass": "ElementCards",
															"sid": 542900479715493,
															"parameters": {
																"instance-variable": "CardPosition",
																"comparison": 0,
																"value": "ElementDock.CardSlot"
															}
														}
													],
													"actions": [
														{
															"id": "subtract-from-eventvar",
															"objectClass": "System",
															"sid": 651077209937512,
															"parameters": {
																"variable": "ElementalCardsDocked",
																"value": "ElementCards.CardPosition"
															}
														},
														{
															"id": "set-boolean-eventvar",
															"objectClass": "System",
															"sid": 232080901726942,
															"parameters": {
																"variable": "Fire",
																"value": "false"
															}
														},
														{
															"id": "set-boolean-eventvar",
															"objectClass": "System",
															"sid": 680040741393314,
															"parameters": {
																"variable": "Ice",
																"value": "false"
															}
														},
														{
															"id": "set-boolean-eventvar",
															"objectClass": "System",
															"sid": 819981439170656,
															"parameters": {
																"variable": "Electric",
																"value": "false"
															}
														}
													],
													"sid": 487008578615303,
													"children": [
														{
															"eventType": "comment",
															"text": "Subtract cards docked by the card position (one), and set the bools to false"
														},
														{
															"eventType": "block",
															"conditions": [],
															"actions": [
																{
																	"id": "set-instvar-value",
																	"objectClass": "ElementCards",
																	"sid": 845305418423787,
																	"parameters": {
																		"instance-variable": "CardPosition",
																		"value": "0"
																	}
																}
															],
															"sid": 786162186442245,
															"children": [
																{
																	"eventType": "comment",
																	"text": "Set the card's position to 0"
																}
															]
														}
													]
												},
												{
													"eventType": "block",
													"conditions": [
														{
															"id": "compare-instance-variable",
															"objectClass": "ElementCards",
															"sid": 216440115791986,
															"parameters": {
																"instance-variable": "CardPosition",
																"comparison": 0,
																"value": "0"
															}
														}
													],
													"actions": [
														{
															"id": "set-position",
															"objectClass": "ElementCards",
															"sid": 463536531728682,
															"parameters": {
																"x": "ElementCards.StartPosX",
																"y": "ElementCards.StartPosY"
															}
														}
													],
													"sid": 141735264000402,
													"children": [
														{
															"eventType": "comment",
															"text": "When the card's cardposition is set to 0, reset it's position to the starting position"
														}
													]
												}
											]
										}
									],
									"sid": 956736137223835
								}
							],
							"sid": 690083413604015
						}
					],
					"sid": 734491092751138
				},
				{
					"eventType": "block",
					"conditions": [
						{
							"id": "on-start-of-layout",
							"objectClass": "System",
							"sid": 689255699003748
						}
					],
					"actions": [
						{
							"id": "reset-global-variables",
							"objectClass": "System",
							"sid": 528957829036876
						},
						{
							"id": "set-time-scale",
							"objectClass": "System",
							"sid": 862975165540734,
							"parameters": {
								"time-scale": "1.0"
							}
						}
					],
					"sid": 795390316153478
				},
				{
					"eventType": "block",
					"conditions": [
						{
							"id": "cursor-is-over-object",
							"objectClass": "Mouse",
							"sid": 778223669334008,
							"parameters": {
								"object": "AbilityCards"
							},
							"isInverted": true
						}
					],
					"actions": [
						{
							"id": "set-visible",
							"objectClass": "Tutorial_SpriteFont_ChargedShot",
							"sid": 875770778291504,
							"parameters": {
								"visibility": "invisible"
							}
						},
						{
							"id": "set-visible",
							"objectClass": "Tooltip_Background_ChargedShot",
							"sid": 945302139699120,
							"parameters": {
								"visibility": "invisible"
							}
						},
						{
							"id": "set-visible",
							"objectClass": "Tutorial_SpriteFont_Dash",
							"sid": 373247384598825,
							"disabled": true,
							"parameters": {
								"visibility": "invisible"
							}
						},
						{
							"id": "set-visible",
							"objectClass": "Tooltip_Background_Dash",
							"sid": 119177834125354,
							"disabled": true,
							"parameters": {
								"visibility": "invisible"
							}
						},
						{
							"id": "set-visible",
							"objectClass": "Tutorial_SpriteFont_Multishot",
							"sid": 123005855098971,
							"parameters": {
								"visibility": "invisible"
							}
						},
						{
							"id": "set-visible",
							"objectClass": "Tooltip_Background_Multishot",
							"sid": 223256542267948,
							"parameters": {
								"visibility": "invisible"
							}
						},
						{
							"id": "set-visible",
							"objectClass": "Tutorial_SpriteFont_PierceShot",
							"sid": 942727362316649,
							"parameters": {
								"visibility": "invisible"
							}
						},
						{
							"id": "set-visible",
							"objectClass": "Tooltip_Background_PierceShot",
							"sid": 303401998761793,
							"parameters": {
								"visibility": "invisible"
							}
						}
					],
					"sid": 669311922428844
				},
				{
					"eventType": "block",
					"conditions": [
						{
							"id": "cursor-is-over-object",
							"objectClass": "Mouse",
							"sid": 762146558931402,
							"parameters": {
								"object": "ElementCards"
							},
							"isInverted": true
						}
					],
					"actions": [
						{
							"id": "set-visible",
							"objectClass": "Tutorial_SpriteFont_fire",
							"sid": 597434818385993,
							"parameters": {
								"visibility": "invisible"
							}
						},
						{
							"id": "set-visible",
							"objectClass": "Tooltip_Background_Fire",
							"sid": 876934760794236,
							"parameters": {
								"visibility": "invisible"
							}
						},
						{
							"id": "set-visible",
							"objectClass": "Tutorial_SpriteFont_Electricity",
							"sid": 220548515352500,
							"parameters": {
								"visibility": "invisible"
							}
						},
						{
							"id": "set-visible",
							"objectClass": "Tooltip_Background_Electricity",
							"sid": 787584534411059,
							"parameters": {
								"visibility": "invisible"
							}
						},
						{
							"id": "set-visible",
							"objectClass": "Tutorial_SpriteFont_Ice",
							"sid": 536254225105409,
							"parameters": {
								"visibility": "invisible"
							}
						},
						{
							"id": "set-visible",
							"objectClass": "Tooltip_Background_Ice",
							"sid": 829218553104580,
							"parameters": {
								"visibility": "invisible"
							}
						}
					],
					"sid": 110413422694065
				},
				{
					"eventType": "block",
					"conditions": [
						{
							"id": "every-tick",
							"objectClass": "System",
							"sid": 327937266964780
						}
					],
					"actions": [
						{
							"id": "set-cursor-style",
							"objectClass": "Mouse",
							"sid": 723982911269109,
							"parameters": {
								"cursor-style": "normal"
							}
						},
						{
							"id": "set-angle-toward-position",
							"objectClass": "Player",
							"sid": 858914928681002,
							"parameters": {
								"x": "Mouse.X",
								"y": "Mouse.Y"
							}
						}
					],
					"sid": 751611547968814
				},
				{
					"eventType": "block",
					"conditions": [
						{
							"id": "is-tag-playing",
							"objectClass": "Audio",
							"sid": 414865477139586,
							"parameters": {
								"tag": "\"Normal\""
							},
							"isInverted": true
						}
					],
					"actions": [],
					"sid": 688985485229919,
					"children": [
						{
							"eventType": "block",
							"conditions": [
								{
									"id": "is-tag-playing",
									"objectClass": "Audio",
									"sid": 163897740118623,
									"parameters": {
										"tag": "\"Boss1\""
									}
								}
							],
							"actions": [
								{
									"id": "fade-volume",
									"objectClass": "Audio",
									"sid": 927830811665518,
									"parameters": {
										"tag": "\"Boss1\"\n",
										"db": "-100",
										"duration": "1",
										"ending": "stop"
									}
								},
								{
									"id": "play",
									"objectClass": "Audio",
									"sid": 726776133272092,
									"parameters": {
										"audio-file": "Common Battle Music Play at -10 DB",
										"loop": "looping",
										"volume": "-100",
										"tag-optional": "\"Normal\""
									}
								},
								{
									"id": "fade-volume",
									"objectClass": "Audio",
									"sid": 928952636785231,
									"parameters": {
										"tag": "\"Normal\"",
										"db": "-20",
										"duration": "1",
										"ending": "keep-playing"
									}
								}
							],
							"sid": 894084970292100
						},
						{
							"eventType": "block",
							"conditions": [
								{
									"id": "is-tag-playing",
									"objectClass": "Audio",
									"sid": 587687877311984,
									"parameters": {
										"tag": "\"Boss2\""
									}
								}
							],
							"actions": [
								{
									"id": "fade-volume",
									"objectClass": "Audio",
									"sid": 690246807172814,
									"parameters": {
										"tag": "\"Boss2\"\n",
										"db": "-100",
										"duration": "1",
										"ending": "stop"
									}
								},
								{
									"id": "play",
									"objectClass": "Audio",
									"sid": 707284814299701,
									"parameters": {
										"audio-file": "Common Battle Music Play at -10 DB",
										"loop": "looping",
										"volume": "-100",
										"tag-optional": "\"Normal\""
									}
								},
								{
									"id": "fade-volume",
									"objectClass": "Audio",
									"sid": 200187181090781,
									"parameters": {
										"tag": "\"Normal\"",
										"db": "-20",
										"duration": "1",
										"ending": "keep-playing"
									}
								}
							],
							"sid": 268113342146197
						}
					]
				}
			],
			"sid": 368188500201813
		},
		{
			"eventType": "block",
			"conditions": [
				{
					"id": "on-start-of-layout",
					"objectClass": "System",
					"sid": 447505021707109
				}
			],
			"actions": [
				{
					"id": "set-animation",
					"objectClass": "Arena1_Torch",
					"sid": 512378547043299,
					"parameters": {
						"animation": "\"Torch-On\"",
						"from": "beginning"
					}
				}
			],
			"sid": 549877878730751
		},
		{
			"eventType": "block",
			"conditions": [
				{
					"id": "on-key-pressed",
					"objectClass": "Keyboard",
					"sid": 567540088017707,
					"parameters": {
						"key": 82
					}
				}
			],
			"actions": [
				{
					"id": "go-to-layout",
					"objectClass": "System",
					"sid": 322830707444702,
					"parameters": {
						"layout": "Menu_Festival"
					}
				}
			],
			"sid": 379561761284671
		}
	],
	"sid": 780379625061602
}