{
	"name": "Menu_ES",
	"events": [
		{
			"eventType": "block",
			"conditions": [
				{
					"id": "on-clicked",
					"objectClass": "But_StartGame",
					"sid": 273602011573554
				}
			],
			"actions": [
				{
					"id": "go-to-nextprevious-layout",
					"objectClass": "System",
					"sid": 153288868628763,
					"parameters": {
						"which": "next"
					}
				}
			],
			"sid": 340353346403150
		},
		{
			"eventType": "block",
			"conditions": [
				{
					"id": "on-clicked",
					"objectClass": "But_Credits",
					"sid": 564299738809763
				}
			],
			"actions": [
				{
					"id": "go-to-layout",
					"objectClass": "System",
					"sid": 188713578750491,
					"parameters": {
						"layout": "Credits"
					}
				}
			],
			"sid": 817785890990450
		},
		{
			"eventType": "block",
			"conditions": [
				{
					"id": "on-clicked",
					"objectClass": "But_StartOver",
					"sid": 390859035761401
				}
			],
			"actions": [
				{
					"id": "go-to-layout",
					"objectClass": "System",
					"sid": 929871169310539,
					"parameters": {
						"layout": "Menu"
					}
				}
			],
			"sid": 561847107513438
		},
		{
			"eventType": "block",
			"conditions": [
				{
					"id": "on-start-of-layout",
					"objectClass": "System",
					"sid": 479158676470347
				}
			],
			"actions": [
				{
					"id": "set-cursor-style",
					"objectClass": "Mouse",
					"sid": 671149851247483,
					"parameters": {
						"cursor-style": "normal"
					}
				}
			],
			"sid": 130721268814402,
			"children": [
				{
					"eventType": "block",
					"conditions": [
						{
							"id": "is-any-playing",
							"objectClass": "Audio",
							"sid": 815840796476200,
							"isInverted": true
						}
					],
					"actions": [
						{
							"id": "play",
							"objectClass": "Audio",
							"sid": 782809342731126,
							"parameters": {
								"audio-file": "Common Battle Music Play at -10 DB",
								"loop": "looping",
								"volume": "-20",
								"tag-optional": "\"Normal\""
							}
						}
					],
					"sid": 429814602964864
				}
			]
		},
		{
			"eventType": "group",
			"disabled": false,
			"title": "Festival Buttons",
			"description": "",
			"isActiveOnStart": true,
			"children": [
				{
					"eventType": "block",
					"conditions": [
						{
							"id": "on-clicked",
							"objectClass": "But_Festival_StartOver",
							"sid": 927400908040731
						}
					],
					"actions": [
						{
							"id": "go-to-layout",
							"objectClass": "System",
							"sid": 179113486016570,
							"parameters": {
								"layout": "Menu_Festival"
							}
						}
					],
					"sid": 652801694805146
				},
				{
					"eventType": "block",
					"conditions": [
						{
							"id": "on-clicked",
							"objectClass": "Festival_LoseButton",
							"sid": 394580490568360
						}
					],
					"actions": [
						{
							"id": "go-to-layout",
							"objectClass": "System",
							"sid": 443387133879763,
							"parameters": {
								"layout": "Menu_Festival"
							}
						}
					],
					"sid": 910212073201038
				},
				{
					"eventType": "block",
					"conditions": [
						{
							"id": "on-key-pressed",
							"objectClass": "Keyboard",
							"sid": 555523187947962,
							"parameters": {
								"key": 82
							}
						}
					],
					"actions": [
						{
							"id": "go-to-layout",
							"objectClass": "System",
							"sid": 234821363903472,
							"parameters": {
								"layout": "Menu_Festival"
							}
						}
					],
					"sid": 584398377047286
				}
			],
			"sid": 935899593130039
		}
	],
	"sid": 326467844477213
}