{
	"name": "Controls",
	"layers": [
		{
			"name": "Layer 0",
			"overriden": 0,
			"subLayers": [],
			"instances": [
				{
					"type": "But_StartOver",
					"properties": {
						"type": "button",
						"text": "Return to Menu",
						"tooltip": "",
						"initially-visible": true,
						"enabled": true,
						"auto-font-size": true,
						"checked": false,
						"id": ""
					},
					"uid": 124,
					"instanceVariables": {},
					"behaviors": {},
					"world": {
						"x": 365.5,
						"y": 407,
						"width": 123,
						"height": 24,
						"originX": 0,
						"originY": 0,
						"color": [
							1,
							1,
							1,
							1
						]
					}
				},
				{
					"type": "Dialog_Text",
					"properties": {
						"text": " C . O . N . T . R . O . L . S .",
						"enable-bbcode": true,
						"font": "Pixel_Font",
						"size": 32,
						"line-height": 0,
						"bold": true,
						"italic": false,
						"color": [
							0,
							0,
							0,
							1
						],
						"horizontal-alignment": "center",
						"vertical-alignment": "center",
						"wrapping": "word",
						"initially-visible": true,
						"origin": "center"
					},
					"uid": 130,
					"instanceVariables": {},
					"behaviors": {},
					"world": {
						"x": 429,
						"y": 143,
						"width": 854,
						"height": 54,
						"originX": 0.5,
						"originY": 0.5,
						"color": [
							1,
							1,
							1,
							1
						],
						"angle": 0,
						"zElevation": 0
					}
				},
				{
					"type": "Dialog_Text",
					"properties": {
						"text": " C . O . N . T . R . O . L . S .",
						"enable-bbcode": true,
						"font": "Pixel_Font",
						"size": 32,
						"line-height": 0,
						"bold": true,
						"italic": false,
						"color": [
							1,
							1,
							1,
							1
						],
						"horizontal-alignment": "center",
						"vertical-alignment": "center",
						"wrapping": "word",
						"initially-visible": true,
						"origin": "center"
					},
					"uid": 131,
					"instanceVariables": {},
					"behaviors": {},
					"world": {
						"x": 426,
						"y": 141,
						"width": 854,
						"height": 54,
						"originX": 0.5,
						"originY": 0.5,
						"color": [
							1,
							1,
							1,
							1
						],
						"angle": 0,
						"zElevation": 0
					}
				},
				{
					"type": "Dialog_Text",
					"properties": {
						"text": "Use WASD to move around the playing field.\n\nLeft click to fire your bow at the cursor.\n\nPress SPACEBAR to dash in the direction that you're moving!\n\nPress R to return to the Main Menu!",
						"enable-bbcode": true,
						"font": "Pixel_Font",
						"size": 16,
						"line-height": 1,
						"bold": false,
						"italic": false,
						"color": [
							0,
							0,
							0,
							1
						],
						"horizontal-alignment": "center",
						"vertical-alignment": "center",
						"wrapping": "word",
						"initially-visible": true,
						"origin": "center"
					},
					"uid": 2,
					"instanceVariables": {},
					"behaviors": {},
					"world": {
						"x": 426,
						"y": 284,
						"width": 530,
						"height": 236,
						"originX": 0.5,
						"originY": 0.5,
						"color": [
							1,
							1,
							1,
							1
						],
						"angle": 0,
						"zElevation": 0
					}
				},
				{
					"type": "Dialog_Text",
					"properties": {
						"text": "Use WASD to move around the playing field.\n\nLeft click to fire your bow at the cursor.\n\nPress SPACEBAR to dash in the direction that you're moving!\n\nPress R to return to the Main Menu!",
						"enable-bbcode": true,
						"font": "Pixel_Font",
						"size": 16,
						"line-height": 1,
						"bold": false,
						"italic": false,
						"color": [
							1,
							1,
							1,
							1
						],
						"horizontal-alignment": "center",
						"vertical-alignment": "center",
						"wrapping": "word",
						"initially-visible": true,
						"origin": "center"
					},
					"uid": 129,
					"instanceVariables": {},
					"behaviors": {},
					"world": {
						"x": 423,
						"y": 282,
						"width": 530,
						"height": 236,
						"originX": 0.5,
						"originY": 0.5,
						"color": [
							1,
							1,
							1,
							1
						],
						"angle": 0,
						"zElevation": 0
					}
				}
			],
			"sid": 561171396844188,
			"effectTypes": [],
			"isInitiallyVisible": true,
			"isInitiallyInteractive": true,
			"color": [
				1,
				1,
				1,
				1
			],
			"backgroundColor": [
				0.3686274509803922,
				0.3686274509803922,
				0.3686274509803922,
				1
			],
			"isTransparent": false,
			"parallaxX": 1,
			"parallaxY": 1,
			"scaleRate": 1,
			"forceOwnTexture": false,
			"renderingMode": "3d",
			"drawOrder": "z-order",
			"useRenderCells": false,
			"blendMode": "normal",
			"zElevation": 0,
			"global": false
		}
	],
	"sid": 863508965143403,
	"nonworld-instances": [],
	"effectTypes": [],
	"width": 854,
	"height": 480,
	"unboundedScrolling": false,
	"vpX": 0.5,
	"vpY": 0.5,
	"projection": "perspective",
	"eventSheet": "ES_Menu"
}