{
	"name": "Credits",
	"layers": [
		{
			"name": "Layer 0",
			"overriden": 0,
			"subLayers": [],
			"instances": [
				{
					"type": "But_StartOver",
					"properties": {
						"type": "button",
						"text": "Return to Menu",
						"tooltip": "",
						"initially-visible": true,
						"enabled": true,
						"auto-font-size": true,
						"checked": false,
						"id": ""
					},
					"uid": 3623,
					"instanceVariables": {},
					"behaviors": {},
					"world": {
						"x": 365.24923141900433,
						"y": 360.33209902436363,
						"width": 123,
						"height": 24,
						"originX": 0,
						"originY": 0,
						"color": [
							1,
							1,
							1,
							1
						]
					}
				},
				{
					"type": "Dialog_Text",
					"properties": {
						"text": " H . U . M . B . L . E . D .",
						"enable-bbcode": true,
						"font": "Pixel_Font",
						"size": 32,
						"line-height": 0,
						"bold": true,
						"italic": false,
						"color": [
							0,
							0,
							0,
							1
						],
						"horizontal-alignment": "center",
						"vertical-alignment": "center",
						"wrapping": "word",
						"initially-visible": true,
						"origin": "center"
					},
					"uid": 143,
					"instanceVariables": {},
					"behaviors": {},
					"world": {
						"x": 428,
						"y": 112,
						"width": 854,
						"height": 54,
						"originX": 0.5,
						"originY": 0.5,
						"color": [
							1,
							1,
							1,
							1
						],
						"angle": 0,
						"zElevation": 0
					}
				},
				{
					"type": "Dialog_Text",
					"properties": {
						"text": " H . U . M . B . L . E . D .",
						"enable-bbcode": true,
						"font": "Pixel_Font",
						"size": 32,
						"line-height": 0,
						"bold": true,
						"italic": false,
						"color": [
							1,
							1,
							1,
							1
						],
						"horizontal-alignment": "center",
						"vertical-alignment": "center",
						"wrapping": "word",
						"initially-visible": true,
						"origin": "center"
					},
					"uid": 144,
					"instanceVariables": {},
					"behaviors": {},
					"world": {
						"x": 425,
						"y": 110,
						"width": 854,
						"height": 54,
						"originX": 0.5,
						"originY": 0.5,
						"color": [
							1,
							1,
							1,
							1
						],
						"angle": 0,
						"zElevation": 0
					}
				},
				{
					"type": "Dialog_Text",
					"properties": {
						"text": "was created by:\n\nHarry Brock - Programmer, Game Designer\nKyle Coll - Level Designer\nRosswell Cabrera - Art Designer\nSang Nguyen - Writer, Audio Designer, Project Manager",
						"enable-bbcode": true,
						"font": "Pixel_Font",
						"size": 16,
						"line-height": 1,
						"bold": false,
						"italic": false,
						"color": [
							0,
							0,
							0,
							1
						],
						"horizontal-alignment": "center",
						"vertical-alignment": "center",
						"wrapping": "word",
						"initially-visible": true,
						"origin": "center"
					},
					"uid": 145,
					"instanceVariables": {},
					"behaviors": {},
					"world": {
						"x": 425,
						"y": 279,
						"width": 600,
						"height": 166,
						"originX": 0.5,
						"originY": 0.5,
						"color": [
							1,
							1,
							1,
							1
						],
						"angle": 0,
						"zElevation": 0
					}
				},
				{
					"type": "Dialog_Text",
					"properties": {
						"text": "was created by:\n\nHarry Brock - Programmer, Game Designer\nKyle Coll - Level Designer\nRosswell Cabrera - Art Designer\nSang Nguyen - Writer, Audio Designer, Project Manager",
						"enable-bbcode": true,
						"font": "Pixel_Font",
						"size": 16,
						"line-height": 1,
						"bold": false,
						"italic": false,
						"color": [
							1,
							1,
							1,
							1
						],
						"horizontal-alignment": "center",
						"vertical-alignment": "center",
						"wrapping": "word",
						"initially-visible": true,
						"origin": "center"
					},
					"uid": 146,
					"instanceVariables": {},
					"behaviors": {},
					"world": {
						"x": 422,
						"y": 277,
						"width": 600,
						"height": 166,
						"originX": 0.5,
						"originY": 0.5,
						"color": [
							1,
							1,
							1,
							1
						],
						"angle": 0,
						"zElevation": 0
					}
				},
				{
					"type": "Dialog_Text",
					"properties": {
						"text": " P . U . N . I . S . H . M . E . N . T .",
						"enable-bbcode": true,
						"font": "Pixel_Font",
						"size": 32,
						"line-height": 0,
						"bold": true,
						"italic": false,
						"color": [
							0,
							0,
							0,
							1
						],
						"horizontal-alignment": "center",
						"vertical-alignment": "center",
						"wrapping": "word",
						"initially-visible": true,
						"origin": "center"
					},
					"uid": 147,
					"instanceVariables": {},
					"behaviors": {},
					"world": {
						"x": 428,
						"y": 157,
						"width": 854,
						"height": 54,
						"originX": 0.5,
						"originY": 0.5,
						"color": [
							1,
							1,
							1,
							1
						],
						"angle": 0,
						"zElevation": 0
					}
				},
				{
					"type": "Dialog_Text",
					"properties": {
						"text": " P . U . N . I . S . H . M . E . N . T .",
						"enable-bbcode": true,
						"font": "Pixel_Font",
						"size": 32,
						"line-height": 0,
						"bold": true,
						"italic": false,
						"color": [
							1,
							1,
							1,
							1
						],
						"horizontal-alignment": "center",
						"vertical-alignment": "center",
						"wrapping": "word",
						"initially-visible": true,
						"origin": "center"
					},
					"uid": 148,
					"instanceVariables": {},
					"behaviors": {},
					"world": {
						"x": 425,
						"y": 155,
						"width": 854,
						"height": 54,
						"originX": 0.5,
						"originY": 0.5,
						"color": [
							1,
							1,
							1,
							1
						],
						"angle": 0,
						"zElevation": 0
					}
				}
			],
			"sid": 942470191940468,
			"effectTypes": [],
			"isInitiallyVisible": true,
			"isInitiallyInteractive": true,
			"color": [
				1,
				1,
				1,
				1
			],
			"backgroundColor": [
				0.3686274509803922,
				0.3686274509803922,
				0.3686274509803922,
				1
			],
			"isTransparent": false,
			"parallaxX": 1,
			"parallaxY": 1,
			"scaleRate": 1,
			"forceOwnTexture": false,
			"renderingMode": "3d",
			"drawOrder": "z-order",
			"useRenderCells": false,
			"blendMode": "normal",
			"zElevation": 0,
			"global": false
		}
	],
	"sid": 160036179674876,
	"nonworld-instances": [],
	"effectTypes": [],
	"width": 854,
	"height": 480,
	"unboundedScrolling": false,
	"vpX": 0.5,
	"vpY": 0.5,
	"projection": "perspective",
	"eventSheet": "ES_Menu"
}