{
	"name": "EndScreen",
	"layers": [
		{
			"name": "Layer 0",
			"overriden": 0,
			"subLayers": [],
			"instances": [
				{
					"type": "But_Credits",
					"properties": {
						"type": "button",
						"text": "Credits",
						"tooltip": "",
						"initially-visible": true,
						"enabled": true,
						"auto-font-size": true,
						"checked": false,
						"id": ""
					},
					"uid": 5978,
					"instanceVariables": {},
					"behaviors": {},
					"world": {
						"x": 366.5,
						"y": 247,
						"width": 123,
						"height": 24,
						"originX": 0,
						"originY": 0,
						"color": [
							1,
							1,
							1,
							1
						]
					}
				},
				{
					"type": "But_StartOver",
					"properties": {
						"type": "button",
						"text": "Return to Menu",
						"tooltip": "",
						"initially-visible": true,
						"enabled": true,
						"auto-font-size": true,
						"checked": false,
						"id": ""
					},
					"uid": 5980,
					"instanceVariables": {},
					"behaviors": {},
					"world": {
						"x": 366,
						"y": 273,
						"width": 123,
						"height": 24,
						"originX": 0,
						"originY": 0,
						"color": [
							1,
							1,
							1,
							1
						]
					}
				},
				{
					"type": "Dialog_Text",
					"properties": {
						"text": "F . I . N . I . S . H . E . D .",
						"enable-bbcode": true,
						"font": "Pixel_Font",
						"size": 32,
						"line-height": 0,
						"bold": true,
						"italic": false,
						"color": [
							0,
							0,
							0,
							1
						],
						"horizontal-alignment": "center",
						"vertical-alignment": "center",
						"wrapping": "word",
						"initially-visible": true,
						"origin": "center"
					},
					"uid": 137,
					"instanceVariables": {},
					"behaviors": {},
					"world": {
						"x": 428,
						"y": 116,
						"width": 854,
						"height": 54,
						"originX": 0.5,
						"originY": 0.5,
						"color": [
							1,
							1,
							1,
							1
						],
						"angle": 0,
						"zElevation": 0
					}
				},
				{
					"type": "Dialog_Text",
					"properties": {
						"text": "F . I . N . I . S . H . E . D .",
						"enable-bbcode": true,
						"font": "Pixel_Font",
						"size": 32,
						"line-height": 0,
						"bold": true,
						"italic": false,
						"color": [
							1,
							1,
							1,
							1
						],
						"horizontal-alignment": "center",
						"vertical-alignment": "center",
						"wrapping": "word",
						"initially-visible": true,
						"origin": "center"
					},
					"uid": 138,
					"instanceVariables": {},
					"behaviors": {},
					"world": {
						"x": 425,
						"y": 114,
						"width": 854,
						"height": 54,
						"originX": 0.5,
						"originY": 0.5,
						"color": [
							1,
							1,
							1,
							1
						],
						"angle": 0,
						"zElevation": 0
					}
				},
				{
					"type": "Dialog_Text",
					"properties": {
						"text": "Thank you for playing H.U.M.B.L.E.D. P.U.N.I.S.H.M.E.N.T.",
						"enable-bbcode": true,
						"font": "Pixel_Font",
						"size": 16,
						"line-height": 1,
						"bold": false,
						"italic": false,
						"color": [
							0,
							0,
							0,
							1
						],
						"horizontal-alignment": "center",
						"vertical-alignment": "center",
						"wrapping": "word",
						"initially-visible": true,
						"origin": "center"
					},
					"uid": 139,
					"instanceVariables": {},
					"behaviors": {},
					"world": {
						"x": 425,
						"y": 212,
						"width": 530,
						"height": 86,
						"originX": 0.5,
						"originY": 0.5,
						"color": [
							1,
							1,
							1,
							1
						],
						"angle": 0,
						"zElevation": 0
					}
				},
				{
					"type": "Dialog_Text",
					"properties": {
						"text": "Thank you for playing H.U.M.B.L.E.D. P.U.N.I.S.H.M.E.N.T.",
						"enable-bbcode": true,
						"font": "Pixel_Font",
						"size": 16,
						"line-height": 1,
						"bold": false,
						"italic": false,
						"color": [
							1,
							1,
							1,
							1
						],
						"horizontal-alignment": "center",
						"vertical-alignment": "center",
						"wrapping": "word",
						"initially-visible": true,
						"origin": "center"
					},
					"uid": 140,
					"instanceVariables": {},
					"behaviors": {},
					"world": {
						"x": 422,
						"y": 210,
						"width": 530,
						"height": 86,
						"originX": 0.5,
						"originY": 0.5,
						"color": [
							1,
							1,
							1,
							1
						],
						"angle": 0,
						"zElevation": 0
					}
				}
			],
			"sid": 252355190934626,
			"effectTypes": [],
			"isInitiallyVisible": true,
			"isInitiallyInteractive": true,
			"color": [
				1,
				1,
				1,
				1
			],
			"backgroundColor": [
				0.3686274509803922,
				0.3686274509803922,
				0.3686274509803922,
				1
			],
			"isTransparent": false,
			"parallaxX": 1,
			"parallaxY": 1,
			"scaleRate": 1,
			"forceOwnTexture": false,
			"renderingMode": "3d",
			"drawOrder": "z-order",
			"useRenderCells": false,
			"blendMode": "normal",
			"zElevation": 0,
			"global": false
		}
	],
	"sid": 223083272328129,
	"nonworld-instances": [],
	"effectTypes": [],
	"width": 854,
	"height": 480,
	"unboundedScrolling": false,
	"vpX": 0.5,
	"vpY": 0.5,
	"projection": "perspective",
	"eventSheet": "ES_Menu"
}