{
	"name": "Menu_Survival",
	"layers": [
		{
			"name": "Layer 0",
			"overriden": 0,
			"subLayers": [],
			"instances": [
				{
					"type": "But_StartGame",
					"properties": {
						"type": "button",
						"text": "Survive!",
						"tooltip": "",
						"initially-visible": true,
						"enabled": true,
						"auto-font-size": true,
						"checked": false,
						"id": ""
					},
					"uid": 10839,
					"instanceVariables": {},
					"behaviors": {},
					"world": {
						"x": 365.5,
						"y": 317,
						"width": 123,
						"height": 24,
						"originX": 0,
						"originY": 0,
						"color": [
							1,
							1,
							1,
							1
						]
					}
				},
				{
					"type": "Dialog_Text",
					"properties": {
						"text": " S . U . R . V . I . V . A . L .",
						"enable-bbcode": true,
						"font": "Pixel_Font",
						"size": 32,
						"line-height": 0,
						"bold": true,
						"italic": false,
						"color": [
							0,
							0,
							0,
							1
						],
						"horizontal-alignment": "center",
						"vertical-alignment": "center",
						"wrapping": "word",
						"initially-visible": true,
						"origin": "center"
					},
					"uid": 149,
					"instanceVariables": {},
					"behaviors": {},
					"world": {
						"x": 430,
						"y": 88,
						"width": 854,
						"height": 54,
						"originX": 0.5,
						"originY": 0.5,
						"color": [
							1,
							1,
							1,
							1
						],
						"angle": 0,
						"zElevation": 0
					}
				},
				{
					"type": "Dialog_Text",
					"properties": {
						"text": " S . U . R . V . I . V . A . L .",
						"enable-bbcode": true,
						"font": "Pixel_Font",
						"size": 32,
						"line-height": 0,
						"bold": true,
						"italic": false,
						"color": [
							1,
							1,
							1,
							1
						],
						"horizontal-alignment": "center",
						"vertical-alignment": "center",
						"wrapping": "word",
						"initially-visible": true,
						"origin": "center"
					},
					"uid": 150,
					"instanceVariables": {},
					"behaviors": {},
					"world": {
						"x": 427,
						"y": 86,
						"width": 854,
						"height": 54,
						"originX": 0.5,
						"originY": 0.5,
						"color": [
							1,
							1,
							1,
							1
						],
						"angle": 0,
						"zElevation": 0
					}
				},
				{
					"type": "Dialog_Text",
					"properties": {
						"text": "Survive as long as you can!\n\nEarn points for killing enemies, and earn points for the amount of time you're alive!",
						"enable-bbcode": true,
						"font": "Pixel_Font",
						"size": 16,
						"line-height": 1,
						"bold": false,
						"italic": false,
						"color": [
							0,
							0,
							0,
							1
						],
						"horizontal-alignment": "center",
						"vertical-alignment": "center",
						"wrapping": "word",
						"initially-visible": true,
						"origin": "center"
					},
					"uid": 151,
					"instanceVariables": {},
					"behaviors": {},
					"world": {
						"x": 427,
						"y": 225.5,
						"width": 600,
						"height": 127,
						"originX": 0.5,
						"originY": 0.5,
						"color": [
							1,
							1,
							1,
							1
						],
						"angle": 0,
						"zElevation": 0
					}
				},
				{
					"type": "Dialog_Text",
					"properties": {
						"text": "Survive as long as you can!\n\nEarn points for killing enemies, and earn points for the amount of time you're alive!",
						"enable-bbcode": true,
						"font": "Pixel_Font",
						"size": 16,
						"line-height": 1,
						"bold": false,
						"italic": false,
						"color": [
							1,
							1,
							1,
							1
						],
						"horizontal-alignment": "center",
						"vertical-alignment": "center",
						"wrapping": "word",
						"initially-visible": true,
						"origin": "center"
					},
					"uid": 152,
					"instanceVariables": {},
					"behaviors": {},
					"world": {
						"x": 424,
						"y": 223.5,
						"width": 600,
						"height": 127,
						"originX": 0.5,
						"originY": 0.5,
						"color": [
							1,
							1,
							1,
							1
						],
						"angle": 0,
						"zElevation": 0
					}
				},
				{
					"type": "Dialog_Text",
					"properties": {
						"text": " M . O . D . E .",
						"enable-bbcode": true,
						"font": "Pixel_Font",
						"size": 32,
						"line-height": 0,
						"bold": true,
						"italic": false,
						"color": [
							0,
							0,
							0,
							1
						],
						"horizontal-alignment": "center",
						"vertical-alignment": "center",
						"wrapping": "word",
						"initially-visible": true,
						"origin": "center"
					},
					"uid": 153,
					"instanceVariables": {},
					"behaviors": {},
					"world": {
						"x": 430,
						"y": 133,
						"width": 854,
						"height": 54,
						"originX": 0.5,
						"originY": 0.5,
						"color": [
							1,
							1,
							1,
							1
						],
						"angle": 0,
						"zElevation": 0
					}
				},
				{
					"type": "Dialog_Text",
					"properties": {
						"text": " M . O . D . E .",
						"enable-bbcode": true,
						"font": "Pixel_Font",
						"size": 32,
						"line-height": 0,
						"bold": true,
						"italic": false,
						"color": [
							1,
							1,
							1,
							1
						],
						"horizontal-alignment": "center",
						"vertical-alignment": "center",
						"wrapping": "word",
						"initially-visible": true,
						"origin": "center"
					},
					"uid": 154,
					"instanceVariables": {},
					"behaviors": {},
					"world": {
						"x": 427,
						"y": 131,
						"width": 854,
						"height": 54,
						"originX": 0.5,
						"originY": 0.5,
						"color": [
							1,
							1,
							1,
							1
						],
						"angle": 0,
						"zElevation": 0
					}
				}
			],
			"sid": 475794649537010,
			"effectTypes": [],
			"isInitiallyVisible": true,
			"isInitiallyInteractive": true,
			"color": [
				1,
				1,
				1,
				1
			],
			"backgroundColor": [
				0.3686274509803922,
				0.3686274509803922,
				0.3686274509803922,
				1
			],
			"isTransparent": false,
			"parallaxX": 1,
			"parallaxY": 1,
			"scaleRate": 1,
			"forceOwnTexture": false,
			"renderingMode": "3d",
			"drawOrder": "z-order",
			"useRenderCells": false,
			"blendMode": "normal",
			"zElevation": 0,
			"global": false
		}
	],
	"sid": 658604379439157,
	"nonworld-instances": [],
	"effectTypes": [],
	"width": 854,
	"height": 480,
	"unboundedScrolling": false,
	"vpX": 0.5,
	"vpY": 0.5,
	"projection": "perspective",
	"eventSheet": "ES_Menu"
}