{
	"name": "Menu",
	"layers": [
		{
			"name": "BG",
			"overriden": 0,
			"subLayers": [],
			"instances": [
				{
					"type": "UI_BG",
					"properties": {
						"initially-visible": true,
						"initial-animation": "Animation 1",
						"initial-frame": 0,
						"enable-collisions": true,
						"live-preview": false
					},
					"uid": 11180,
					"instanceVariables": {},
					"behaviors": {
						"MoveTo": {
							"properties": {
								"max-speed": 200,
								"acceleration": 0,
								"deceleration": 0,
								"rotate-speed": 0,
								"set-angle": false,
								"stop-on-solids": false,
								"enabled": true
							}
						},
						"Wrap": {
							"properties": {
								"wrap-to": "viewport"
							}
						}
					},
					"world": {
						"x": 427,
						"y": 679,
						"width": 855.8761917445497,
						"height": 481.9241325823157,
						"originX": 0.5,
						"originY": 0.5,
						"color": [
							1,
							1,
							1,
							1
						],
						"angle": 0,
						"zElevation": 0
					}
				},
				{
					"type": "UI_BG",
					"properties": {
						"initially-visible": true,
						"initial-animation": "Animation 1",
						"initial-frame": 0,
						"enable-collisions": true,
						"live-preview": false
					},
					"uid": 11181,
					"instanceVariables": {},
					"behaviors": {
						"MoveTo": {
							"properties": {
								"max-speed": 200,
								"acceleration": 0,
								"deceleration": 0,
								"rotate-speed": 0,
								"set-angle": false,
								"stop-on-solids": false,
								"enabled": true
							}
						},
						"Wrap": {
							"properties": {
								"wrap-to": "layout"
							}
						}
					},
					"world": {
						"x": 427,
						"y": 222,
						"width": 855.8761917445497,
						"height": 481.9241325823157,
						"originX": 0.5,
						"originY": 0.5,
						"color": [
							1,
							1,
							1,
							1
						],
						"angle": 0,
						"zElevation": 0
					}
				},
				{
					"type": "UI_BG",
					"properties": {
						"initially-visible": true,
						"initial-animation": "Animation 1",
						"initial-frame": 0,
						"enable-collisions": true,
						"live-preview": false
					},
					"uid": 11186,
					"instanceVariables": {},
					"behaviors": {
						"MoveTo": {
							"properties": {
								"max-speed": 200,
								"acceleration": 0,
								"deceleration": 0,
								"rotate-speed": 0,
								"set-angle": false,
								"stop-on-solids": false,
								"enabled": true
							}
						},
						"Wrap": {
							"properties": {
								"wrap-to": "viewport"
							}
						}
					},
					"world": {
						"x": 427,
						"y": 1105,
						"width": 855.8761917445497,
						"height": 481.9241325823157,
						"originX": 0.5,
						"originY": 0.5,
						"color": [
							1,
							1,
							1,
							1
						],
						"angle": 0,
						"zElevation": 0
					}
				}
			],
			"sid": 958486858775017,
			"effectTypes": [],
			"isInitiallyVisible": true,
			"isInitiallyInteractive": true,
			"color": [
				1,
				1,
				1,
				1
			],
			"backgroundColor": [
				1,
				1,
				1,
				1
			],
			"isTransparent": true,
			"parallaxX": 1,
			"parallaxY": 1,
			"scaleRate": 1,
			"forceOwnTexture": false,
			"renderingMode": "3d",
			"drawOrder": "z-order",
			"useRenderCells": false,
			"blendMode": "normal",
			"zElevation": 0,
			"global": false
		},
		{
			"name": "Banner",
			"overriden": 0,
			"subLayers": [],
			"instances": [
				{
					"type": "Black",
					"properties": {
						"initially-visible": true,
						"initial-animation": "Animation 1",
						"initial-frame": 0,
						"enable-collisions": true,
						"live-preview": false
					},
					"uid": 11182,
					"instanceVariables": {},
					"behaviors": {},
					"world": {
						"x": 427,
						"y": 642.5,
						"width": 880,
						"height": 1409,
						"originX": 0.5,
						"originY": 0.5,
						"color": [
							1,
							1,
							1,
							0.5
						],
						"angle": 0,
						"zElevation": 0
					}
				},
				{
					"type": "UI_SunRays",
					"properties": {
						"initially-visible": true,
						"initial-animation": "Animation 1",
						"initial-frame": 0,
						"enable-collisions": true,
						"live-preview": false
					},
					"uid": 11183,
					"instanceVariables": {},
					"behaviors": {},
					"world": {
						"x": 405,
						"y": 60,
						"width": 362,
						"height": 120,
						"originX": 0.47513812154696133,
						"originY": 0.36666666666666664,
						"color": [
							1,
							1,
							1,
							1
						],
						"angle": 0,
						"zElevation": 0
					}
				},
				{
					"type": "UI_Banner",
					"properties": {
						"initially-visible": true,
						"initial-animation": "Animation 1",
						"initial-frame": 0,
						"enable-collisions": true,
						"live-preview": false
					},
					"uid": 11177,
					"instanceVariables": {},
					"behaviors": {},
					"world": {
						"x": 447,
						"y": 161,
						"width": 700,
						"height": 250,
						"originX": 0.5435714285714286,
						"originY": 0.548,
						"color": [
							1,
							1,
							1,
							1
						],
						"angle": 0,
						"zElevation": 0
					}
				}
			],
			"sid": 239562884496548,
			"effectTypes": [],
			"isInitiallyVisible": true,
			"isInitiallyInteractive": true,
			"color": [
				1,
				1,
				1,
				1
			],
			"backgroundColor": [
				0.6470588235294118,
				0.6313725490196078,
				0.6313725490196078,
				1
			],
			"isTransparent": true,
			"parallaxX": 1,
			"parallaxY": 1,
			"scaleRate": 1,
			"forceOwnTexture": false,
			"renderingMode": "3d",
			"drawOrder": "z-order",
			"useRenderCells": false,
			"blendMode": "normal",
			"zElevation": 0,
			"global": false
		},
		{
			"name": "Layer 0",
			"overriden": 0,
			"subLayers": [],
			"instances": [
				{
					"type": "UI_Arrow",
					"properties": {
						"initially-visible": true,
						"initial-animation": "Animation 1",
						"initial-frame": 0,
						"enable-collisions": true,
						"live-preview": false
					},
					"uid": 11179,
					"instanceVariables": {},
					"behaviors": {},
					"world": {
						"x": 378.4494219653179,
						"y": 217,
						"width": 590.7053172477147,
						"height": 106.3521357317174,
						"originX": 0.4060693641618497,
						"originY": 0.5,
						"color": [
							1,
							1,
							1,
							1
						],
						"angle": 0,
						"zElevation": 0
					}
				},
				{
					"type": "UI_Arrow",
					"properties": {
						"initially-visible": true,
						"initial-animation": "Animation 1",
						"initial-frame": 0,
						"enable-collisions": true,
						"live-preview": false
					},
					"uid": 11178,
					"instanceVariables": {},
					"behaviors": {},
					"world": {
						"x": 397,
						"y": 173,
						"width": 496.02827428750624,
						"height": 104.65336422828886,
						"originX": 0.4060693641618497,
						"originY": 0.5,
						"color": [
							1,
							1,
							1,
							1
						],
						"angle": 0,
						"zElevation": 0
					}
				},
				{
					"type": "But_Credits",
					"properties": {
						"type": "button",
						"text": "Credits",
						"tooltip": "",
						"initially-visible": true,
						"enabled": true,
						"auto-font-size": true,
						"checked": false,
						"id": ""
					},
					"uid": 3363,
					"instanceVariables": {},
					"behaviors": {},
					"world": {
						"x": 365.5,
						"y": 351,
						"width": 123,
						"height": 24,
						"originX": 0,
						"originY": 0,
						"color": [
							1,
							1,
							1,
							1
						]
					}
				},
				{
					"type": "But_StartSurvival",
					"properties": {
						"type": "button",
						"text": "Survival Mode",
						"tooltip": "",
						"initially-visible": true,
						"enabled": true,
						"auto-font-size": true,
						"checked": false,
						"id": ""
					},
					"uid": 10846,
					"instanceVariables": {},
					"behaviors": {},
					"world": {
						"x": 365.5,
						"y": 325,
						"width": 123,
						"height": 24,
						"originX": 0,
						"originY": 0,
						"color": [
							1,
							1,
							1,
							1
						]
					}
				},
				{
					"type": "But_StartAdventureMode",
					"properties": {
						"type": "button",
						"text": "Adventure Mode",
						"tooltip": "",
						"initially-visible": true,
						"enabled": true,
						"auto-font-size": true,
						"checked": false,
						"id": ""
					},
					"uid": 10848,
					"instanceVariables": {},
					"behaviors": {},
					"world": {
						"x": 365.5,
						"y": 299,
						"width": 123,
						"height": 24,
						"originX": 0,
						"originY": 0,
						"color": [
							1,
							1,
							1,
							1
						]
					}
				},
				{
					"type": "But_Controls",
					"properties": {
						"type": "button",
						"text": "Controls",
						"tooltip": "",
						"initially-visible": true,
						"enabled": true,
						"auto-font-size": true,
						"checked": false,
						"id": ""
					},
					"uid": 3,
					"instanceVariables": {},
					"behaviors": {},
					"world": {
						"x": 365.5,
						"y": 377,
						"width": 123,
						"height": 24,
						"originX": 0,
						"originY": 0,
						"color": [
							1,
							1,
							1,
							1
						]
					}
				},
				{
					"type": "UI_Quiver",
					"properties": {
						"initially-visible": true,
						"initial-animation": "Animation 1",
						"initial-frame": 0,
						"enable-collisions": true,
						"live-preview": false
					},
					"uid": 125,
					"instanceVariables": {},
					"behaviors": {},
					"world": {
						"x": 715,
						"y": 279,
						"width": 257,
						"height": 311,
						"originX": 0.45136186770428016,
						"originY": 0.34726688102893893,
						"color": [
							1,
							1,
							1,
							1
						],
						"angle": 0,
						"zElevation": 0
					}
				},
				{
					"type": "UI_Bow",
					"properties": {
						"initially-visible": true,
						"initial-animation": "Animation 1",
						"initial-frame": 0,
						"enable-collisions": true,
						"live-preview": false
					},
					"uid": 127,
					"instanceVariables": {},
					"behaviors": {},
					"world": {
						"x": 127,
						"y": 321,
						"width": 247,
						"height": 325,
						"originX": 0.5263157894736842,
						"originY": 0.5015384615384615,
						"color": [
							1,
							1,
							1,
							1
						],
						"angle": 0,
						"zElevation": 0
					}
				}
			],
			"sid": 156278748856926,
			"effectTypes": [],
			"isInitiallyVisible": true,
			"isInitiallyInteractive": true,
			"color": [
				1,
				1,
				1,
				1
			],
			"backgroundColor": [
				0.3686274509803922,
				0.3686274509803922,
				0.3686274509803922,
				1
			],
			"isTransparent": true,
			"parallaxX": 1,
			"parallaxY": 1,
			"scaleRate": 1,
			"forceOwnTexture": false,
			"renderingMode": "3d",
			"drawOrder": "z-order",
			"useRenderCells": false,
			"blendMode": "normal",
			"zElevation": 0,
			"global": false
		},
		{
			"name": "Text",
			"overriden": 0,
			"subLayers": [],
			"instances": [
				{
					"type": "Dialog_Text",
					"properties": {
						"text": " H . U . M . B . L . E . D .",
						"enable-bbcode": true,
						"font": "Pixel_Font",
						"size": 26,
						"line-height": -1,
						"bold": true,
						"italic": false,
						"color": [
							1,
							1,
							1,
							1
						],
						"horizontal-alignment": "center",
						"vertical-alignment": "center",
						"wrapping": "word",
						"initially-visible": true,
						"origin": "center"
					},
					"uid": 126,
					"instanceVariables": {},
					"behaviors": {},
					"world": {
						"x": 432.964470763903,
						"y": 177.5668400717222,
						"width": 836.071058472194,
						"height": 52.86631985655559,
						"originX": 0.5,
						"originY": 0.5,
						"color": [
							1,
							1,
							1,
							1
						],
						"angle": 0,
						"zElevation": 0
					}
				},
				{
					"type": "Dialog_Text",
					"properties": {
						"text": " P . U . N . I . S . H . M . E . N . T .",
						"enable-bbcode": true,
						"font": "Pixel_Font",
						"size": 26,
						"line-height": -1,
						"bold": true,
						"italic": false,
						"color": [
							1,
							1,
							1,
							1
						],
						"horizontal-alignment": "center",
						"vertical-alignment": "center",
						"wrapping": "word",
						"initially-visible": true,
						"origin": "center"
					},
					"uid": 128,
					"instanceVariables": {},
					"behaviors": {},
					"world": {
						"x": 433.6080978265151,
						"y": 219.4942302096336,
						"width": 834.7838043469698,
						"height": 52.7849243966468,
						"originX": 0.5,
						"originY": 0.5,
						"color": [
							1,
							1,
							1,
							1
						],
						"angle": 0,
						"zElevation": 0
					}
				}
			],
			"sid": 373671881794049,
			"effectTypes": [],
			"isInitiallyVisible": true,
			"isInitiallyInteractive": true,
			"color": [
				1,
				1,
				1,
				1
			],
			"backgroundColor": [
				1,
				1,
				1,
				1
			],
			"isTransparent": true,
			"parallaxX": 1,
			"parallaxY": 1,
			"scaleRate": 1,
			"forceOwnTexture": false,
			"renderingMode": "3d",
			"drawOrder": "z-order",
			"useRenderCells": false,
			"blendMode": "normal",
			"zElevation": 0,
			"global": false
		}
	],
	"sid": 383136748325603,
	"nonworld-instances": [],
	"effectTypes": [],
	"width": 854,
	"height": 480,
	"unboundedScrolling": false,
	"vpX": 0.5,
	"vpY": 0.5,
	"projection": "perspective",
	"eventSheet": "ES_Menu"
}